bet_type,bet_label,bets,hits,hit_rate,stake_yen,return_yen,profit_yen,roi
exacta,2車単,15670,290,0.018506700701978303,2190100,2346330,156230,0.07133464225377836
quinella,2車複,8489,302,0.03557545058310755,1066800,1389310,322510,0.3023153355830521
quinella_place,ワイド,3385,307,0.09069423929098966,409900,586420,176520,0.43064161990729444
trio,3連複,4651,131,0.028165985809503333,656800,1241140,584340,0.8896772228989038
trifecta,3連単,16254,154,0.009474590869939707,2944000,3734530,790530,0.26852241847826086
bracket_exacta,枠単,0,0,,0,0,0,
bracket_quinella,枠複,0,0,,0,0,0,
