bet_type,bet_label,bets,hits,hit_rate,stake_yen,return_yen,profit_yen,roi
exacta,2車単,17483,186,0.010638906366184293,2971200,1922860,-1048340,-0.3528338718362951
quinella,2車複,11889,256,0.02153250904197157,1678700,1357060,-321640,-0.19160064335497706
quinella_place,ワイド,5358,391,0.07297499066815977,673400,1011200,337800,0.5016335016335016
trio,3連複,6237,119,0.019079685746352413,977300,1459630,482330,0.49353320372454723
trifecta,3連単,14508,107,0.007375241246208988,2744700,3566920,822220,0.2995664371333843
bracket_exacta,枠単,0,0,,0,0,0,
bracket_quinella,枠複,0,0,,0,0,0,
