bet_type,bet_label,bets,hits,hit_rate,stake_yen,return_yen,profit_yen,roi
exacta,2車単,16688,242,0.01450143815915628,2483300,2168470,-314830,-0.12677888293802603
quinella,2車複,9628,303,0.03147071042791857,1259100,1443620,184520,0.14654912238900802
quinella_place,ワイド,4206,357,0.08487874465049929,507000,668800,161800,0.31913214990138067
trio,3連複,5272,138,0.026176024279210924,768800,1229470,460670,0.5992065556711759
trifecta,3連単,16365,110,0.006721662083715246,3072800,3116030,43230,0.014068601926581619
bracket_exacta,枠単,0,0,,0,0,0,
bracket_quinella,枠複,0,0,,0,0,0,
