bet_type,bet_label,period,bets,hits,stake_yen,return_yen,profit_yen,roi,min_prob,min_ev,max_odds
exacta,2車単,ALL,517,18,205000,798720,593720,2.8961951219512194,0.05,800,200
quinella,2車複,ALL,93,11,46500,506600,460100,9.894623655913978,0.05,1200,300
quinella_place,ワイド,ALL,761,71,178400,373810,195410,1.095347533632287,0.1,300,100
trio,3連複,ALL,247,20,104200,885750,781550,7.500479846449136,0.07,800,300
trifecta,3連単,ALL,408,14,180500,1206150,1025650,5.6822714681440445,0.07,800,300
