bet_type,bet_label,bets,hits,hit_rate,stake_yen,return_yen,profit_yen,roi
exacta,2車単,52918,872,0.01647832495559167,7463700,7664620,200920,0.02691962431501802
quinella,2車複,30312,1087,0.035860385325943524,3731900,4476900,745000,0.19963021517189636
quinella_place,ワイド,12398,1179,0.0950959832231005,1499100,2693990,1194890,0.7970715762791007
trio,3連複,16217,503,0.03101683418634766,2277900,4725550,2447650,1.074520391588744
trifecta,3連単,54004,420,0.007777201688763795,9844900,11067030,1222130,0.12413838637263964
bracket_exacta,枠単,0,0,,0,0,0,
bracket_quinella,枠複,0,0,,0,0,0,
