bet_type,bet_label,bets,hits,hit_rate,stake_yen,return_yen,profit_yen,roi
exacta,2車単,17298,185,0.010694878020580414,2919400,2554440,-364960,-0.12501198876481467
quinella,2車複,11885,275,0.023138409760201935,1703500,1511630,-191870,-0.11263281479307309
quinella_place,ワイド,5063,362,0.07149911119889393,646000,953360,307360,0.47578947368421054
trio,3連複,6279,152,0.024207676381589424,987300,1564060,576760,0.5841790742428846
trifecta,3連単,13996,100,0.007144898542440698,2622800,2871290,248490,0.09474226017996035
bracket_exacta,枠単,0,0,,0,0,0,
bracket_quinella,枠複,0,0,,0,0,0,
