bet_type,bet_label,bets,hits,hit_rate,stake_yen,return_yen,profit_yen,roi
exacta,2車単,17325,215,0.01240981240981241,2875100,2758440,-116660,-0.04057597996591423
quinella,2車複,11417,267,0.02338617850573706,1603000,1660270,57270,0.03572676232064878
quinella_place,ワイド,4915,352,0.071617497456765,612400,721840,109440,0.17870672762900067
trio,3連複,5978,136,0.022750083640013383,925000,1480200,555200,0.6002162162162162
trifecta,3連単,14416,115,0.007977247502774695,2704200,3462020,757820,0.28023814806597147
bracket_exacta,枠単,0,0,,0,0,0,
bracket_quinella,枠複,0,0,,0,0,0,
