bet_type,bet_label,bets_recorded,bets_total,bets_decided,bets_pending,bets_excluded_after_close,bets_excluded_unknown_time,hits,hit_rate,stake_yen,return_yen,profit_yen,return_rate,roi
exacta,2車単,15,15,15,0,0,0,0,0.0,6000,0,-6000,0.0,-1.0
quinella,2車複,6,6,6,0,0,0,2,0.3333333333333333,3000,6500,3500,2.1666666666666665,1.1666666666666667
quinella_place,ワイド,17,16,16,0,1,0,1,0.0625,3400,620,-2780,0.18235294117647058,-0.8176470588235294
trifecta,3連単,23,23,23,0,0,0,0,0.0,9900,0,-9900,0.0,-1.0
trio,3連複,10,9,9,0,1,0,1,0.1111111111111111,3700,2750,-950,0.7432432432432432,-0.25675675675675674
