date,venue,race_no,race_id,bet_type,bet_label,candidate_rank,buy,prob,odds_used,expected_profit_100yen,is_selected,stake_yen,return_if_hit_yen,profit_if_hit_yen,loss_amount_yen,expected_profit_yen,purchase_authorized,authorization_reason,prediction_file,prediction_created_at_jst,start_at,close_at,model_sha256,odds_snapshot,actual_trifecta,actual_trifecta_odds,race_status,decided_at,result_source_url,actual_trio,actual_exacta,actual_quinella,actual_bracket_exacta,actual_bracket_quinella,actual_quinella_place,payouts_trifecta_json,payouts_trio_json,payouts_exacta_json,payouts_quinella_json,payouts_quinella_place_json,payouts_bracket_exacta_json,payouts_bracket_quinella_json,result_start_at,result_close_at,actual_for_bet_type,is_decided,is_hit,seconds_before_close,is_prospective,evaluation_status,actual_return_yen,actual_profit_yen
2026-07-10,いわき平,8,081320260710,exacta,2車単,1,1-3,0.3515000830445613,35.1,1134,True,400,14040.0,13640.0,400,4536.0,False,external holdout ROI target was not met,shadow_bets_20260710.csv,2026-07-10T21:47:31+09:00,1783692600.0,1783692300.0,,,3-2-1,19.0,3,1783693385,https://www.winticket.jp/keirin/iwakidaira/racecard/2026071013/1/8,1-2-3,3-2,2-3,3-2,2-3,1-2|1-3|2-3,"{""3-2-1"": 1900}","{""1-2-3"": 170}","{""3-2"": 1490}","{""2-3"": 890}","{""1-2"": 100, ""1-3"": 160, ""2-3"": 150}",{},{},1783692600.0,1783692300.0,3-2,True,False,4649.0,True,締切前予想,0.0,-400.0
2026-07-10,いわき平,8,081320260710,exacta,2車単,3,1-5,0.1623139157573946,58.5,850,True,300,17550.0,17250.0,300,2550.0,False,external holdout ROI target was not met,shadow_bets_20260710.csv,2026-07-10T21:47:31+09:00,1783692600.0,1783692300.0,,,3-2-1,19.0,3,1783693385,https://www.winticket.jp/keirin/iwakidaira/racecard/2026071013/1/8,1-2-3,3-2,2-3,3-2,2-3,1-2|1-3|2-3,"{""3-2-1"": 1900}","{""1-2-3"": 170}","{""3-2"": 1490}","{""2-3"": 890}","{""1-2"": 100, ""1-3"": 160, ""2-3"": 150}",{},{},1783692600.0,1783692300.0,3-2,True,False,4649.0,True,締切前予想,0.0,-300.0
2026-07-10,いわき平,8,081320260710,quinella,2車複,1,1-3,0.3910448692831518,147.7,5676,True,500,73850.0,73350.0,500,28380.0,False,external holdout ROI target was not met,shadow_bets_20260710.csv,2026-07-10T21:47:31+09:00,1783692600.0,1783692300.0,,,3-2-1,19.0,3,1783693385,https://www.winticket.jp/keirin/iwakidaira/racecard/2026071013/1/8,1-2-3,3-2,2-3,3-2,2-3,1-2|1-3|2-3,"{""3-2-1"": 1900}","{""1-2-3"": 170}","{""3-2"": 1490}","{""2-3"": 890}","{""1-2"": 100, ""1-3"": 160, ""2-3"": 150}",{},{},1783692600.0,1783692300.0,2-3,True,False,4649.0,True,締切前予想,0.0,-500.0
2026-07-10,いわき平,8,081320260710,quinella,2車複,3,1-5,0.1801492659947078,221.6,3892,True,500,110800.0,110300.0,500,19460.0,False,external holdout ROI target was not met,shadow_bets_20260710.csv,2026-07-10T21:47:31+09:00,1783692600.0,1783692300.0,,,3-2-1,19.0,3,1783693385,https://www.winticket.jp/keirin/iwakidaira/racecard/2026071013/1/8,1-2-3,3-2,2-3,3-2,2-3,1-2|1-3|2-3,"{""3-2-1"": 1900}","{""1-2-3"": 170}","{""3-2"": 1490}","{""2-3"": 890}","{""1-2"": 100, ""1-3"": 160, ""2-3"": 150}",{},{},1783692600.0,1783692300.0,2-3,True,False,4649.0,True,締切前予想,0.0,-500.0
2026-07-10,いわき平,8,081320260710,trifecta,3連単,4,1-5-3,0.0781598197012492,132.4,935,True,400,52960.0,52560.0,400,3740.0,False,external holdout ROI target was not met,shadow_bets_20260710.csv,2026-07-10T21:47:31+09:00,1783692600.0,1783692300.0,,,3-2-1,19.0,3,1783693385,https://www.winticket.jp/keirin/iwakidaira/racecard/2026071013/1/8,1-2-3,3-2,2-3,3-2,2-3,1-2|1-3|2-3,"{""3-2-1"": 1900}","{""1-2-3"": 170}","{""3-2"": 1490}","{""2-3"": 890}","{""1-2"": 100, ""1-3"": 160, ""2-3"": 150}",{},{},1783692600.0,1783692300.0,3-2-1,True,False,4649.0,True,締切前予想,0.0,-400.0
2026-07-10,いわき平,9,091320260710,exacta,2車単,1,6-2,0.0600196646375702,180.0,980,True,400,72000.0,71600.0,400,3920.0,False,external holdout ROI target was not met,shadow_bets_20260710.csv,2026-07-10T21:47:31+09:00,1783693800.0,1783693500.0,,,2-1-6,40.0,3,1783694676,https://www.winticket.jp/keirin/iwakidaira/racecard/2026071013/1/9,1-2-6,2-1,1-2,2-1,1-2,1-2|1-6|2-6,"{""2-1-6"": 4000}","{""1-2-6"": 340}","{""2-1"": 1260}","{""1-2"": 320}","{""1-2"": 180, ""1-6"": 170, ""2-6"": 360}",{},{},1783693800.0,1783693500.0,2-1,True,False,5849.0,True,締切前予想,0.0,-400.0
2026-07-10,前橋,4,042220260710,quinella_place,ワイド,5,5-6,0.135392324105621,38.3,419,True,200,7660.0,7460.0,200,838.0,False,external holdout ROI target was not met,shadow_bets_20260710.csv,2026-07-10T21:47:31+09:00,1783653720.0,1783653420.0,,,5-2-4,166.0,3,1783654299,https://www.winticket.jp/keirin/maebashi/racecard/2026071022/1/4,2-4-5,5-2,2-5,5-2,2-5,2-4|2-5|4-5,"{""5-2-4"": 16600}","{""2-4-5"": 5100}","{""5-2"": 4260}","{""2-5"": 1840}","{""2-4"": 600, ""2-5"": 330, ""4-5"": 510}",{},{},1783653720.0,1783653420.0,2-4|2-5|4-5,True,False,-34231.0,False,締切後のため除外,0.0,-200.0
2026-07-10,前橋,4,042220260710,trio,3連複,1,1-5-6,0.1345211074161472,75.2,912,True,400,30080.0,29680.0,400,3648.0,False,external holdout ROI target was not met,shadow_bets_20260710.csv,2026-07-10T21:47:31+09:00,1783653720.0,1783653420.0,,,5-2-4,166.0,3,1783654299,https://www.winticket.jp/keirin/maebashi/racecard/2026071022/1/4,2-4-5,5-2,2-5,5-2,2-5,2-4|2-5|4-5,"{""5-2-4"": 16600}","{""2-4-5"": 5100}","{""5-2"": 4260}","{""2-5"": 1840}","{""2-4"": 600, ""2-5"": 330, ""4-5"": 510}",{},{},1783653720.0,1783653420.0,2-4-5,True,False,-34231.0,False,締切後のため除外,0.0,-400.0
2026-07-10,名古屋,8,084220260710,exacta,2車単,4,2-3,0.053977445212191,180.7,875,True,300,54210.0,53910.0,300,2625.0,False,external holdout ROI target was not met,shadow_bets_20260710.csv,2026-07-10T21:47:31+09:00,1783692000.0,1783691700.0,,,2-1-7,42.1,3,1783692626,https://www.winticket.jp/keirin/nagoya/racecard/2026071042/1/8,1-2-7,2-1,1-2,2-1,1-2,1-2|1-7|2-7,"{""2-1-7"": 4210}","{""1-2-7"": 1780}","{""2-1"": 300}","{""1-2"": 120}","{""1-2"": 100, ""1-7"": 1790, ""2-7"": 1700}",{},{},1783692000.0,1783691700.0,2-1,True,False,4049.0,True,締切前予想,0.0,-300.0
2026-07-10,名古屋,8,084220260710,exacta,2車単,3,2-6,0.061297343428663,180.7,1008,True,400,72280.0,71880.0,400,4032.0,False,external holdout ROI target was not met,shadow_bets_20260710.csv,2026-07-10T21:47:31+09:00,1783692000.0,1783691700.0,,,2-1-7,42.1,3,1783692626,https://www.winticket.jp/keirin/nagoya/racecard/2026071042/1/8,1-2-7,2-1,1-2,2-1,1-2,1-2|1-7|2-7,"{""2-1-7"": 4210}","{""1-2-7"": 1780}","{""2-1"": 300}","{""1-2"": 120}","{""1-2"": 100, ""1-7"": 1790, ""2-7"": 1700}",{},{},1783692000.0,1783691700.0,2-1,True,False,4049.0,True,締切前予想,0.0,-400.0
2026-07-10,名古屋,8,084220260710,quinella,2車複,2,2-3,0.0835857499616959,177.9,1387,True,500,88950.0,88450.0,500,6935.0,False,external holdout ROI target was not met,shadow_bets_20260710.csv,2026-07-10T21:47:31+09:00,1783692000.0,1783691700.0,,,2-1-7,42.1,3,1783692626,https://www.winticket.jp/keirin/nagoya/racecard/2026071042/1/8,1-2-7,2-1,1-2,2-1,1-2,1-2|1-7|2-7,"{""2-1-7"": 4210}","{""1-2-7"": 1780}","{""2-1"": 300}","{""1-2"": 120}","{""1-2"": 100, ""1-7"": 1790, ""2-7"": 1700}",{},{},1783692000.0,1783691700.0,1-2,True,False,4049.0,True,締切前予想,0.0,-500.0
2026-07-11,いわき平,5,051320260711,trio,3連複,1,2-4-7,0.1866760607309078,50.2,837,True,300,15060.0,14760.0,300,2511.0,False,external holdout ROI target was not met,shadow_bets_20260711.csv,2026-07-11T15:07:41+09:00,1783775400.0,1783775100.0,,,2-3-4,11.4,3,1783776254,https://www.winticket.jp/keirin/iwakidaira/racecard/2026071013/2/5,2-3-4,2-3,2-3,2-3,2-3,2-3|2-4|3-4,"{""2-3-4"": 1140}","{""2-3-4"": 250}","{""2-3"": 500}","{""2-3"": 210}","{""2-3"": 140, ""2-4"": 140, ""3-4"": 250}",{},{},1783775400.0,1783775100.0,2-3-4,True,False,25039.0,True,締切前予想,0.0,-300.0
2026-07-11,伊東,4,043720260711,quinella_place,ワイド,4,3-7,0.2371299997824369,34.7,723,True,300,10410.0,10110.0,300,2169.0,False,external holdout ROI target was not met,shadow_bets_20260711.csv,2026-07-11T15:07:41+09:00,1783757160.0,1783756860.0,,,4-3-1,23.3,3,1783757753,https://www.winticket.jp/keirin/ito/racecard/2026071037/2/4,1-3-4,4-3,3-4,4-3,3-4,1-3|1-4|3-4,"{""4-3-1"": 2330}","{""1-3-4"": 640}","{""4-3"": 1280}","{""3-4"": 630}","{""1-3"": 270, ""1-4"": 280, ""3-4"": 420}",{},{},1783757160.0,1783756860.0,1-3|1-4|3-4,True,False,6799.0,True,締切前予想,0.0,-300.0
2026-07-12,いわき平,4,041320260712,trifecta,3連単,4,1-3-7,0.0743458150262952,164.2,1121,True,400,65680.0,65280.0,400,4484.0,False,external holdout ROI target was not met,shadow_bets_20260712.csv,2026-07-12T16:22:44+09:00,1783860600.0,1783860300.0,,,3-1-7,133.5,3,1783861593,https://www.winticket.jp/keirin/iwakidaira/racecard/2026071013/3/4,1-3-7,3-1,1-3,3-1,1-3,1-3|1-7|3-7,"{""3-1-7"": 13350}","{""1-3-7"": 1150}","{""3-1"": 2460}","{""1-3"": 960}","{""1-3"": 190, ""1-7"": 170, ""3-7"": 800}",{},{},1783860600.0,1783860300.0,3-1-7,True,False,19336.0,True,締切前予想,0.0,-400.0
2026-07-12,いわき平,9,091320260712,quinella_place,ワイド,2,1-2,0.3906401714260553,13.2,416,True,200,2640.0,2440.0,200,832.0,False,external holdout ROI target was not met,shadow_bets_20260712.csv,2026-07-12T16:22:44+09:00,1783866600.0,1783866300.0,,,2-7-3,181.7,3,1783867563,https://www.winticket.jp/keirin/iwakidaira/racecard/2026071013/3/9,2-3-7,2-7,2-7,2-6,2-6,2-3|2-7|3-7,"{""2-7-3"": 18170}","{""2-3-7"": 1080}","{""2-7"": 4930}","{""2-7"": 2610}","{""2-3"": 260, ""2-7"": 420, ""3-7"": 230}",{},{},1783866600.0,1783866300.0,2-3|2-7|3-7,True,False,25336.0,True,締切前予想,0.0,-200.0
2026-07-12,名古屋,5,054220260712,trifecta,3連単,1,3-1-2,0.1237760174774266,229.2,2737,True,500,114600.0,114100.0,500,13685.0,False,external holdout ROI target was not met,shadow_bets_20260712.csv,2026-07-12T16:22:44+09:00,1783861200.0,1783860900.0,,,3-6-1,13.8,3,1783861848,https://www.winticket.jp/keirin/nagoya/racecard/2026071042/3/5,1-3-6,3-6,3-6,3-6,3-6,1-3|1-6|3-6,"{""3-6-1"": 1380}","{""1-3-6"": 190}","{""3-6"": 810}","{""3-6"": 590}","{""1-3"": 130, ""1-6"": 140, ""3-6"": 150}",{},{},1783861200.0,1783860900.0,3-6-1,True,False,19936.0,True,締切前予想,0.0,-500.0
2026-07-12,名古屋,5,054220260712,trifecta,3連単,2,3-1-4,0.0981101718842184,191.0,1774,True,500,95500.0,95000.0,500,8870.0,False,external holdout ROI target was not met,shadow_bets_20260712.csv,2026-07-12T16:22:44+09:00,1783861200.0,1783860900.0,,,3-6-1,13.8,3,1783861848,https://www.winticket.jp/keirin/nagoya/racecard/2026071042/3/5,1-3-6,3-6,3-6,3-6,3-6,1-3|1-6|3-6,"{""3-6-1"": 1380}","{""1-3-6"": 190}","{""3-6"": 810}","{""3-6"": 590}","{""1-3"": 130, ""1-6"": 140, ""3-6"": 150}",{},{},1783861200.0,1783860900.0,3-6-1,True,False,19936.0,True,締切前予想,0.0,-500.0
2026-07-12,名古屋,9,094220260712,exacta,2車単,1,6-7,0.1634490221123522,108.3,1670,True,500,54150.0,53650.0,500,8350.0,False,external holdout ROI target was not met,shadow_bets_20260712.csv,2026-07-12T16:22:44+09:00,1783866000.0,1783865700.0,,,3-6-1,65.9,3,1783866703,https://www.winticket.jp/keirin/nagoya/racecard/2026071042/3/9,1-3-6,3-6,3-6,3-6,3-6,1-3|1-6|3-6,"{""3-6-1"": 6590}","{""1-3-6"": 1810}","{""3-6"": 1710}","{""3-6"": 900}","{""1-3"": 240, ""1-6"": 370, ""3-6"": 290}",{},{},1783866000.0,1783865700.0,3-6,True,False,24736.0,True,締切前予想,0.0,-500.0
2026-07-12,名古屋,9,094220260712,quinella_place,ワイド,1,6-7,0.4991387309697128,12.0,499,True,200,2400.0,2200.0,200,998.0,False,external holdout ROI target was not met,shadow_bets_20260712.csv,2026-07-12T16:22:44+09:00,1783866000.0,1783865700.0,,,3-6-1,65.9,3,1783866703,https://www.winticket.jp/keirin/nagoya/racecard/2026071042/3/9,1-3-6,3-6,3-6,3-6,3-6,1-3|1-6|3-6,"{""3-6-1"": 6590}","{""1-3-6"": 1810}","{""3-6"": 1710}","{""3-6"": 900}","{""1-3"": 240, ""1-6"": 370, ""3-6"": 290}",{},{},1783866000.0,1783865700.0,1-3|1-6|3-6,True,False,24736.0,True,締切前予想,0.0,-200.0
2026-07-12,松山,7,077520260712,trifecta,3連単,2,4-1-3,0.1086658178877797,83.8,811,True,300,25140.0,24840.0,300,2433.0,False,external holdout ROI target was not met,shadow_bets_20260712.csv,2026-07-12T16:22:44+09:00,1783848600.0,1783848300.0,,,3-7-4,60.4,3,1783849306,https://www.winticket.jp/keirin/matsuyama/racecard/2026071175/2/7,3-4-7,3-7,3-7,3-6,3-6,3-4|3-7|4-7,"{""3-7-4"": 6040}","{""3-4-7"": 1160}","{""3-7"": 2260}","{""3-7"": 1110}","{""3-4"": 310, ""3-7"": 280, ""4-7"": 400}",{},{},1783848600.0,1783848300.0,3-7-4,True,False,7336.0,True,締切前予想,0.0,-300.0
2026-07-12,松山,9,097520260712,quinella_place,ワイド,2,1-4,0.4016500209804317,17.0,583,True,200,3400.0,3200.0,200,1166.0,False,external holdout ROI target was not met,shadow_bets_20260712.csv,2026-07-12T16:22:44+09:00,1783851720.0,1783851420.0,,,1-7-5,6.7,3,1783852346,https://www.winticket.jp/keirin/matsuyama/racecard/2026071175/2/9,1-5-7,1-7,1-7,1-6,1-6,1-5|1-7|5-7,"{""1-7-5"": 670}","{""1-5-7"": 290}","{""1-7"": 310}","{""1-7"": 140}","{""1-5"": 290, ""1-7"": 140, ""5-7"": 270}",{},{},1783851720.0,1783851420.0,1-5|1-7|5-7,True,False,10456.0,True,締切前予想,0.0,-200.0
2026-07-13,京王閣,5,052720260713,trio,3連複,1,1-2-5,0.3833583656778525,40.7,1460,True,500,20350.0,19850.0,500,7300.0,False,external holdout ROI target was not met,shadow_bets_20260713.csv,2026-07-13T17:40:22+09:00,1783948200.0,1783947900.0,,,1-6-5,32.3,3,1783948814,https://www.winticket.jp/keirin/keiokaku/racecard/2026071327/1/5,1-5-6,1-6,1-6,1-6,1-6,1-5|1-6|5-6,"{""1-6-5"": 3230}","{""1-5-6"": 480}","{""1-6"": 1430}","{""1-6"": 1220}","{""1-5"": 230, ""1-6"": 230, ""5-6"": 450}",{},{},1783948200.0,1783947900.0,1-5-6,True,False,15878.0,True,締切前予想,0.0,-500.0
2026-07-13,京王閣,6,062720260713,trifecta,3連単,2,6-1-4,0.0876464158145383,142.4,1148,True,400,56960.0,56560.0,400,4592.0,False,external holdout ROI target was not met,shadow_bets_20260713.csv,2026-07-13T17:40:22+09:00,1783949400.0,1783949100.0,,,1-6-3,22.2,3,1783950064,https://www.winticket.jp/keirin/keiokaku/racecard/2026071327/1/6,1-3-6,1-6,1-6,1-6,1-6,1-3|1-6|3-6,"{""1-6-3"": 2220}","{""1-3-6"": 300}","{""1-6"": 1160}","{""1-6"": 250}","{""1-3"": 240, ""1-6"": 160, ""3-6"": 170}",{},{},1783949400.0,1783949100.0,1-6-3,True,False,17078.0,True,締切前予想,0.0,-400.0
2026-07-13,京王閣,8,082720260713,quinella_place,ワイド,3,2-3,0.4246851247853913,10.2,333,True,200,2040.0,1840.0,200,666.0,False,external holdout ROI target was not met,shadow_bets_20260713.csv,2026-07-13T17:40:22+09:00,1783951800.0,1783951500.0,,,2-1-3,12.8,3,1783952344,https://www.winticket.jp/keirin/keiokaku/racecard/2026071327/1/8,1-2-3,2-1,1-2,2-1,1-2,1-2|1-3|2-3,"{""2-1-3"": 1280}","{""1-2-3"": 490}","{""2-1"": 280}","{""1-2"": 140}","{""1-2"": 100, ""1-3"": 290, ""2-3"": 310}",{},{},1783951800.0,1783951500.0,1-2|1-3|2-3,True,True,19478.0,True,締切前予想,620.0,420.0
2026-07-13,京王閣,8,082720260713,trio,3連複,3,1-2-7,0.1525987118497166,69.0,953,True,400,27600.0,27200.0,400,3812.0,False,external holdout ROI target was not met,shadow_bets_20260713.csv,2026-07-13T17:40:22+09:00,1783951800.0,1783951500.0,,,2-1-3,12.8,3,1783952344,https://www.winticket.jp/keirin/keiokaku/racecard/2026071327/1/8,1-2-3,2-1,1-2,2-1,1-2,1-2|1-3|2-3,"{""2-1-3"": 1280}","{""1-2-3"": 490}","{""2-1"": 280}","{""1-2"": 140}","{""1-2"": 100, ""1-3"": 290, ""2-3"": 310}",{},{},1783951800.0,1783951500.0,1-2-3,True,False,19478.0,True,締切前予想,0.0,-400.0
2026-07-13,広島,7,076220260713,quinella_place,ワイド,2,1-6,0.7244884543255463,8.5,516,True,200,1700.0,1500.0,200,1032.0,False,external holdout ROI target was not met,shadow_bets_20260713.csv,2026-07-13T17:40:22+09:00,1783950000.0,1783949700.0,,,6-3-7,31.6,3,1783950464,https://www.winticket.jp/keirin/hiroshima/racecard/2026071362/1/7,3-6-7,6-3,3-6,6-3,3-6,3-6|3-7|6-7,"{""6-3-7"": 3160}","{""3-6-7"": 1690}","{""6-3"": 660}","{""3-6"": 620}","{""3-6"": 300, ""3-7"": 1380, ""6-7"": 690}",{},{},1783950000.0,1783949700.0,3-6|3-7|6-7,True,False,17678.0,True,締切前予想,0.0,-200.0
2026-07-14,京王閣,1,012720260714,quinella_place,ワイド,1,3-5,0.338466021520298,12.2,313,True,200,2440.0,2240.0,200,626.0,False,external holdout ROI target was not met,shadow_bets_20260714.csv,2026-07-14T15:02:42+09:00,1784029800.0,1784029500.0,,,1-3-6,41.8,3,1784030399,https://www.winticket.jp/keirin/keiokaku/racecard/2026071327/2/1,1-3-6,1-3,1-3,1-3,1-3,1-3|1-6|3-6,"{""1-3-6"": 4180}","{""1-3-6"": 1390}","{""1-3"": 410}","{""1-3"": 260}","{""1-3"": 170, ""1-6"": 620, ""3-6"": 640}",{},{},1784029800.0,1784029500.0,1-3|1-6|3-6,True,False,20538.0,True,締切前予想,0.0,-200.0
2026-07-14,京王閣,2,022720260714,trifecta,3連単,4,1-2-3,0.0789614444046696,193.8,1430,True,500,96900.0,96400.0,500,7150.0,False,external holdout ROI target was not met,shadow_bets_20260714.csv,2026-07-14T15:02:42+09:00,1784031000.0,1784030700.0,,,7-1-3,170.2,3,1784031560,https://www.winticket.jp/keirin/keiokaku/racecard/2026071327/2/2,1-3-7,7-1,1-7,6-1,1-6,1-3|1-7|3-7,"{""7-1-3"": 17020}","{""1-3-7"": 470}","{""7-1"": 8650}","{""1-7"": 1530}","{""1-3"": 140, ""1-7"": 350, ""3-7"": 360}",{},{},1784031000.0,1784030700.0,7-1-3,True,False,21738.0,True,締切前予想,0.0,-500.0
2026-07-14,京王閣,4,042720260714,trifecta,3連単,3,2-3-1,0.0831585554342912,121.8,913,True,400,48720.0,48320.0,400,3652.0,False,external holdout ROI target was not met,shadow_bets_20260714.csv,2026-07-14T15:02:42+09:00,1784033400.0,1784033100.0,,,3-5-2,15.9,3,1784033960,https://www.winticket.jp/keirin/keiokaku/racecard/2026071327/2/4,2-3-5,3-5,3-5,3-5,3-5,2-3|2-5|3-5,"{""3-5-2"": 1590}","{""2-3-5"": 690}","{""3-5"": 640}","{""3-5"": 400}","{""2-3"": 250, ""2-5"": 780, ""3-5"": 230}",{},{},1784033400.0,1784033100.0,3-5-2,True,False,24138.0,True,締切前予想,0.0,-400.0
2026-07-14,京王閣,9,092720260714,exacta,2車単,2,1-2,0.2184622695767722,45.0,883,True,300,13500.0,13200.0,300,2649.0,False,external holdout ROI target was not met,shadow_bets_20260714.csv,2026-07-14T15:02:42+09:00,1784039400.0,1784039100.0,,,3-4-1,293.4,3,1784040001,https://www.winticket.jp/keirin/keiokaku/racecard/2026071327/2/9,1-3-4,3-4,3-4,3-4,3-4,1-3|1-4|3-4,"{""3-4-1"": 29340}","{""1-3-4"": 600}","{""3-4"": 10190}","{""3-4"": 8590}","{""1-3"": 150, ""1-4"": 240, ""3-4"": 640}",{},{},1784039400.0,1784039100.0,3-4,True,False,30138.0,True,締切前予想,0.0,-300.0
2026-07-14,佐世保,8,088520260714,exacta,2車単,2,3-5,0.1549241751078172,58.1,800,True,300,17430.0,17130.0,300,2400.0,False,external holdout ROI target was not met,shadow_bets_20260714.csv,2026-07-14T15:02:42+09:00,1784022480.0,1784022180.0,,,3-1-4,13.5,3,1784023479,https://www.winticket.jp/keirin/sasebo/racecard/2026071385/2/8,1-3-4,3-1,1-3,3-1,1-3,1-3|1-4|3-4,"{""3-1-4"": 1350}","{""1-3-4"": 290}","{""3-1"": 800}","{""1-3"": 400}","{""1-3"": 140, ""1-4"": 270, ""3-4"": 130}",{},{},1784022480.0,1784022180.0,3-1,True,False,13218.0,True,締切前予想,0.0,-300.0
2026-07-14,佐世保,9,098520260714,quinella_place,ワイド,4,2-7,0.2172428512348569,30.7,567,True,200,6140.0,5940.0,200,1134.0,False,external holdout ROI target was not met,shadow_bets_20260714.csv,2026-07-14T15:02:42+09:00,1784023920.0,1784023620.0,,,3-6-4,24.8,3,1784024839,https://www.winticket.jp/keirin/sasebo/racecard/2026071385/2/9,3-4-6,3-6,3-6,3-6,3-6,3-4|3-6|4-6,"{""3-6-4"": 2480}","{""3-4-6"": 900}","{""3-6"": 810}","{""3-6"": 450}","{""3-4"": 510, ""3-6"": 220, ""4-6"": 660}",{},{},1784023920.0,1784023620.0,3-4|3-6|4-6,True,False,14658.0,True,締切前予想,0.0,-200.0
2026-07-14,函館,8,081120260714,quinella_place,ワイド,4,3-7,0.2230711705459148,20.5,357,True,200,4100.0,3900.0,200,714.0,False,external holdout ROI target was not met,shadow_bets_20260714.csv,2026-07-14T15:02:42+09:00,1784021760.0,1784021460.0,,,5-2-4,731.8,3,1784022419,https://www.winticket.jp/keirin/hakodate/racecard/2026071411/1/8,2-4-5,5-2,2-5,5-2,2-5,2-4|2-5|4-5,"{""5-2-4"": 73180}","{""2-4-5"": 10150}","{""5-2"": 10250}","{""2-5"": 3850}","{""2-4"": 490, ""2-5"": 1470, ""4-5"": 480}",{},{},1784021760.0,1784021460.0,2-4|2-5|4-5,True,False,12498.0,True,締切前予想,0.0,-200.0
2026-07-15,京王閣,4,042720260715,trio,3連複,1,1-2-5,0.2432678768399826,41.2,902,True,400,16480.0,16080.0,400,3608.0,False,external holdout ROI target was not met,shadow_bets_20260715.csv,2026-07-15T15:05:58+09:00,1784119800.0,1784119500.0,,,2-3-1,28.4,3,1784120459,https://www.winticket.jp/keirin/keiokaku/racecard/2026071327/3/4,1-2-3,2-3,2-3,2-3,2-3,1-2|1-3|2-3,"{""2-3-1"": 2840}","{""1-2-3"": 770}","{""2-3"": 1590}","{""2-3"": 1230}","{""1-2"": 200, ""1-3"": 340, ""2-3"": 630}",{},{},1784119800.0,1784119500.0,1-2-3,True,False,23942.0,True,締切前予想,0.0,-400.0
2026-07-15,京王閣,8,082720260715,trifecta,3連単,3,2-7-1,0.0954169597977051,135.7,1195,True,400,54280.0,53880.0,400,4780.0,False,external holdout ROI target was not met,shadow_bets_20260715.csv,2026-07-15T15:05:58+09:00,1784124600.0,1784124300.0,,,5-1-2,337.8,3,1784125225,https://www.winticket.jp/keirin/keiokaku/racecard/2026071327/3/8,1-2-5,5-1,1-5,5-1,1-5,1-2|1-5|2-5,"{""5-1-2"": 33780}","{""1-2-5"": 7230}","{""5-1"": 6800}","{""1-5"": 5140}","{""1-2"": 870, ""1-5"": 950, ""2-5"": 1230}",{},{},1784124600.0,1784124300.0,5-1-2,True,False,28742.0,True,締切前予想,0.0,-400.0
2026-07-15,京王閣,8,082720260715,trifecta,3連単,1,7-2-1,0.155572995067094,98.0,1425,True,500,49000.0,48500.0,500,7125.0,False,external holdout ROI target was not met,shadow_bets_20260715.csv,2026-07-15T15:05:58+09:00,1784124600.0,1784124300.0,,,5-1-2,337.8,3,1784125225,https://www.winticket.jp/keirin/keiokaku/racecard/2026071327/3/8,1-2-5,5-1,1-5,5-1,1-5,1-2|1-5|2-5,"{""5-1-2"": 33780}","{""1-2-5"": 7230}","{""5-1"": 6800}","{""1-5"": 5140}","{""1-2"": 870, ""1-5"": 950, ""2-5"": 1230}",{},{},1784124600.0,1784124300.0,5-1-2,True,False,28742.0,True,締切前予想,0.0,-500.0
2026-07-15,広島,4,046220260715,exacta,2車単,3,2-6,0.1074085427241419,157.5,1592,True,500,78750.0,78250.0,500,7960.0,False,external holdout ROI target was not met,shadow_bets_20260715.csv,2026-07-15T15:05:58+09:00,1784119200.0,1784118900.0,,,7-6-2,47.5,3,1784119664,https://www.winticket.jp/keirin/hiroshima/racecard/2026071362/3/4,2-6-7,7-6,6-7,6-6,6-6,2-6|2-7|6-7,"{""7-6-2"": 4750}","{""2-6-7"": 350}","{""7-6"": 2020}","{""6-7"": 720}","{""2-6"": 200, ""2-7"": 330, ""6-7"": 230}",{},{},1784119200.0,1784118900.0,7-6,True,False,23342.0,True,締切前予想,0.0,-500.0
2026-07-15,広島,4,046220260715,exacta,2車単,1,6-2,0.1229135925170297,157.5,1836,True,500,78750.0,78250.0,500,9180.0,False,external holdout ROI target was not met,shadow_bets_20260715.csv,2026-07-15T15:05:58+09:00,1784119200.0,1784118900.0,,,7-6-2,47.5,3,1784119664,https://www.winticket.jp/keirin/hiroshima/racecard/2026071362/3/4,2-6-7,7-6,6-7,6-6,6-6,2-6|2-7|6-7,"{""7-6-2"": 4750}","{""2-6-7"": 350}","{""7-6"": 2020}","{""6-7"": 720}","{""2-6"": 200, ""2-7"": 330, ""6-7"": 230}",{},{},1784119200.0,1784118900.0,7-6,True,False,23342.0,True,締切前予想,0.0,-500.0
2026-07-15,広島,7,076220260715,trifecta,3連単,2,1-3-7,0.0750594849709921,179.2,1245,True,500,89600.0,89100.0,500,6225.0,False,external holdout ROI target was not met,shadow_bets_20260715.csv,2026-07-15T15:05:58+09:00,1784122800.0,1784122500.0,,,4-5-7,343.8,3,1784123310,https://www.winticket.jp/keirin/hiroshima/racecard/2026071362/3/7,4-5-7,4-5,4-5,4-5,4-5,4-5|4-7|5-7,"{""4-5-7"": 34380}","{""4-5-7"": 4580}","{""4-5"": 3690}","{""4-5"": 2930}","{""4-5"": 400, ""4-7"": 300, ""5-7"": 1180}",{},{},1784122800.0,1784122500.0,4-5-7,True,False,26942.0,True,締切前予想,0.0,-500.0
2026-07-15,広島,7,076220260715,trifecta,3連単,1,1-7-3,0.1070862339027984,179.2,1819,True,500,89600.0,89100.0,500,9095.0,False,external holdout ROI target was not met,shadow_bets_20260715.csv,2026-07-15T15:05:58+09:00,1784122800.0,1784122500.0,,,4-5-7,343.8,3,1784123310,https://www.winticket.jp/keirin/hiroshima/racecard/2026071362/3/7,4-5-7,4-5,4-5,4-5,4-5,4-5|4-7|5-7,"{""4-5-7"": 34380}","{""4-5-7"": 4580}","{""4-5"": 3690}","{""4-5"": 2930}","{""4-5"": 400, ""4-7"": 300, ""5-7"": 1180}",{},{},1784122800.0,1784122500.0,4-5-7,True,False,26942.0,True,締切前予想,0.0,-500.0
2026-07-15,広島,9,096220260715,quinella_place,ワイド,2,1-3,0.4730442079950268,8.7,312,True,200,1740.0,1540.0,200,624.0,False,external holdout ROI target was not met,shadow_bets_20260715.csv,2026-07-15T15:05:58+09:00,1784125200.0,1784124900.0,,,3-2-6,7.1,3,1784125655,https://www.winticket.jp/keirin/hiroshima/racecard/2026071362/3/9,2-3-6,3-2,2-3,3-2,2-3,2-3|2-6|3-6,"{""3-2-6"": 710}","{""2-3-6"": 290}","{""3-2"": 370}","{""2-3"": 240}","{""2-3"": 120, ""2-6"": 230, ""3-6"": 190}",{},{},1784125200.0,1784124900.0,2-3|2-6|3-6,True,False,29342.0,True,締切前予想,0.0,-200.0
2026-07-16,いわき平,7,071320260716,quinella,2車複,2,2-4,0.0717641971943689,186.0,1235,True,500,93000.0,92500.0,500,6175.0,False,external holdout ROI target was not met,shadow_bets_20260716.csv,2026-07-16T15:33:45+09:00,1784209200.0,1784208900.0,,,4-2-3,196.3,3,1784210121,https://www.winticket.jp/keirin/iwakidaira/racecard/2026071613/1/7,2-3-4,4-2,2-4,4-2,2-4,2-3|2-4|3-4,"{""4-2-3"": 19630}","{""2-3-4"": 5740}","{""4-2"": 2930}","{""2-4"": 1120}","{""2-3"": 240, ""2-4"": 300, ""3-4"": 1710}",{},{},1784209200.0,1784208900.0,2-4,True,True,25275.0,True,締切前予想,5600.0,5100.0
2026-07-16,奈良,2,025320260716,quinella,2車複,3,1-2,0.2091588666733271,81.7,1609,True,500,40850.0,40350.0,500,8045.0,False,external holdout ROI target was not met,shadow_bets_20260716.csv,2026-07-16T15:33:45+09:00,1784203800.0,1784203500.0,,,1-2-5,18.7,3,1784204408,https://www.winticket.jp/keirin/nara/racecard/2026071653/1/2,1-2-5,1-2,1-2,1-2,1-2,1-2|1-5|2-5,"{""1-2-5"": 1870}","{""1-2-5"": 870}","{""1-2"": 210}","{""1-2"": 180}","{""1-2"": 160, ""1-5"": 180, ""2-5"": 890}",{},{},1784203800.0,1784203500.0,1-2,True,True,19875.0,True,締切前予想,900.0,400.0
2026-07-16,奈良,2,025320260716,quinella,2車複,2,1-3,0.275019980158495,81.7,2147,True,500,40850.0,40350.0,500,10735.0,False,external holdout ROI target was not met,shadow_bets_20260716.csv,2026-07-16T15:33:45+09:00,1784203800.0,1784203500.0,,,1-2-5,18.7,3,1784204408,https://www.winticket.jp/keirin/nara/racecard/2026071653/1/2,1-2-5,1-2,1-2,1-2,1-2,1-2|1-5|2-5,"{""1-2-5"": 1870}","{""1-2-5"": 870}","{""1-2"": 210}","{""1-2"": 180}","{""1-2"": 160, ""1-5"": 180, ""2-5"": 890}",{},{},1784203800.0,1784203500.0,1-2,True,False,19875.0,True,締切前予想,0.0,-500.0
2026-07-16,奈良,7,075320260716,trio,3連複,1,1-2-3,0.4030710921308933,24.0,867,True,300,7200.0,6900.0,300,2601.0,False,external holdout ROI target was not met,shadow_bets_20260716.csv,2026-07-16T15:33:45+09:00,1784209800.0,1784209500.0,,,1-2-5,1.8,3,1784210350,https://www.winticket.jp/keirin/nara/racecard/2026071653/1/7,1-2-5,1-2,1-2,1-2,1-2,1-2|1-5|2-5,"{""1-2-5"": 180}","{""1-2-5"": 140}","{""1-2"": 140}","{""1-2"": 120}","{""1-2"": 100, ""1-5"": 100, ""2-5"": 120}",{},{},1784209800.0,1784209500.0,1-2-5,True,False,25875.0,True,締切前予想,0.0,-300.0
2026-07-16,西武園,3,032620260716,quinella_place,ワイド,3,2-3,0.4179550565215389,9.7,305,True,200,1940.0,1740.0,200,610.0,False,external holdout ROI target was not met,shadow_bets_20260716.csv,2026-07-16T15:33:45+09:00,1784187960.0,1784187660.0,,,1-4-2,18.2,3,1784188823,https://www.winticket.jp/keirin/seibuen/racecard/2026071626/1/3,1-2-4,1-4,1-4,1-4,1-4,1-2|1-4|2-4,"{""1-4-2"": 1820}","{""1-2-4"": 280}","{""1-4"": 750}","{""1-4"": 530}","{""1-2"": 160, ""1-4"": 190, ""2-4"": 170}",{},{},1784187960.0,1784187660.0,1-2|1-4|2-4,True,False,4035.0,True,締切前予想,0.0,-200.0
2026-07-16,西武園,3,032620260716,trifecta,3連単,2,1-3-2,0.0866335162467832,144.1,1148,True,400,57640.0,57240.0,400,4592.0,False,external holdout ROI target was not met,shadow_bets_20260716.csv,2026-07-16T15:33:45+09:00,1784187960.0,1784187660.0,,,1-4-2,18.2,3,1784188823,https://www.winticket.jp/keirin/seibuen/racecard/2026071626/1/3,1-2-4,1-4,1-4,1-4,1-4,1-2|1-4|2-4,"{""1-4-2"": 1820}","{""1-2-4"": 280}","{""1-4"": 750}","{""1-4"": 530}","{""1-2"": 160, ""1-4"": 190, ""2-4"": 170}",{},{},1784187960.0,1784187660.0,1-4-2,True,False,4035.0,True,締切前予想,0.0,-400.0
2026-07-16,西武園,4,042620260716,exacta,2車単,3,2-4,0.0929047475033999,103.8,864,True,300,31140.0,30840.0,300,2592.0,False,external holdout ROI target was not met,shadow_bets_20260716.csv,2026-07-16T15:33:45+09:00,1784189520.0,1784189220.0,,,4-3-1,2.4,3,1784190084,https://www.winticket.jp/keirin/seibuen/racecard/2026071626/1/4,1-3-4,4-3,3-4,4-3,3-4,1-3|1-4|3-4,"{""4-3-1"": 240}","{""1-3-4"": 180}","{""4-3"": 150}","{""3-4"": 140}","{""1-3"": 170, ""1-4"": 150, ""3-4"": 100}",{},{},1784189520.0,1784189220.0,4-3,True,False,5595.0,True,締切前予想,0.0,-300.0
2026-07-17,いわき平,2,021320260717,quinella_place,ワイド,4,1-4,0.1451546383753312,39.5,473,True,200,7900.0,7700.0,200,946.0,False,external holdout ROI target was not met,shadow_bets_20260717.csv,2026-07-17T15:27:52+09:00,1784289600.0,1784289300.0,,,1-2-3,2.8,3,1784290374,https://www.winticket.jp/keirin/iwakidaira/racecard/2026071613/2/2,1-2-3,1-2,1-2,1-2,1-2,1-2|1-3|2-3,"{""1-2-3"": 280}","{""1-2-3"": 130}","{""1-2"": 160}","{""1-2"": 140}","{""1-2"": 100, ""1-3"": 120, ""2-3"": 150}",{},{},1784289600.0,1784289300.0,1-2|1-3|2-3,True,False,19628.0,True,締切前予想,0.0,-200.0
2026-07-17,いわき平,6,061320260717,trifecta,3連単,2,1-3-2,0.1322648892010837,93.7,1139,True,400,37480.0,37080.0,400,4556.0,False,external holdout ROI target was not met,shadow_bets_20260717.csv,2026-07-17T15:27:52+09:00,1784294400.0,1784294100.0,,,1-6-3,98.9,3,1784295079,https://www.winticket.jp/keirin/iwakidaira/racecard/2026071613/2/6,1-3-6,1-6,1-6,1-6,1-6,1-3|1-6|3-6,"{""1-6-3"": 9890}","{""1-3-6"": 3770}","{""1-6"": 2890}","{""1-6"": 2360}","{""1-3"": 270, ""1-6"": 440, ""3-6"": 1410}",{},{},1784294400.0,1784294100.0,1-6-3,True,False,24428.0,True,締切前予想,0.0,-400.0
2026-07-17,奈良,3,035320260717,trifecta,3連単,2,1-2-6,0.1105894966572102,240.0,2554,True,500,120000.0,119500.0,500,12770.0,False,external holdout ROI target was not met,shadow_bets_20260717.csv,2026-07-17T15:27:52+09:00,1784291400.0,1784291100.0,,,1-3-2,10.1,3,1784292104,https://www.winticket.jp/keirin/nara/racecard/2026071653/2/3,1-2-3,1-3,1-3,1-3,1-3,1-2|1-3|2-3,"{""1-3-2"": 1010}","{""1-2-3"": 550}","{""1-3"": 320}","{""1-3"": 370}","{""1-2"": 140, ""1-3"": 160, ""2-3"": 420}",{},{},1784291400.0,1784291100.0,1-3-2,True,False,21428.0,True,締切前予想,0.0,-500.0
2026-07-17,奈良,3,035320260717,trio,3連複,3,1-2-3,0.115981368652708,132.0,1431,True,500,66000.0,65500.0,500,7155.0,False,external holdout ROI target was not met,shadow_bets_20260717.csv,2026-07-17T15:27:52+09:00,1784291400.0,1784291100.0,,,1-3-2,10.1,3,1784292104,https://www.winticket.jp/keirin/nara/racecard/2026071653/2/3,1-2-3,1-3,1-3,1-3,1-3,1-2|1-3|2-3,"{""1-3-2"": 1010}","{""1-2-3"": 550}","{""1-3"": 320}","{""1-3"": 370}","{""1-2"": 140, ""1-3"": 160, ""2-3"": 420}",{},{},1784291400.0,1784291100.0,1-2-3,True,True,21428.0,True,締切前予想,2750.0,2250.0
2026-07-17,奈良,3,035320260717,trio,3連複,4,1-4-6,0.0725813491785923,132.0,858,True,300,39600.0,39300.0,300,2574.0,False,external holdout ROI target was not met,shadow_bets_20260717.csv,2026-07-17T15:27:52+09:00,1784291400.0,1784291100.0,,,1-3-2,10.1,3,1784292104,https://www.winticket.jp/keirin/nara/racecard/2026071653/2/3,1-2-3,1-3,1-3,1-3,1-3,1-2|1-3|2-3,"{""1-3-2"": 1010}","{""1-2-3"": 550}","{""1-3"": 320}","{""1-3"": 370}","{""1-2"": 140, ""1-3"": 160, ""2-3"": 420}",{},{},1784291400.0,1784291100.0,1-2-3,True,False,21428.0,True,締切前予想,0.0,-300.0
2026-07-17,奈良,4,045320260717,trifecta,3連単,3,1-4-3,0.0715161767495236,205.0,1366,True,500,102500.0,102000.0,500,6830.0,False,external holdout ROI target was not met,shadow_bets_20260717.csv,2026-07-17T15:27:52+09:00,1784292600.0,1784292300.0,,,5-1-3,29.7,3,1784293185,https://www.winticket.jp/keirin/nara/racecard/2026071653/2/4,1-3-5,5-1,1-5,5-1,1-5,1-3|1-5|3-5,"{""5-1-3"": 2970}","{""1-3-5"": 540}","{""5-1"": 1880}","{""1-5"": 950}","{""1-3"": 170, ""1-5"": 360, ""3-5"": 440}",{},{},1784292600.0,1784292300.0,5-1-3,True,False,22628.0,True,締切前予想,0.0,-500.0
2026-07-17,西武園,7,072620260717,quinella_place,ワイド,1,1-4,0.8428625908031481,10.2,760,True,300,3060.0,2760.0,300,2280.0,False,external holdout ROI target was not met,shadow_bets_20260717.csv,2026-07-17T15:27:52+09:00,1784279160.0,1784278860.0,,,1-2-3,5.0,3,1784279708,https://www.winticket.jp/keirin/seibuen/racecard/2026071626/2/7,1-2-3,1-2,1-2,1-2,1-2,1-2|1-3|2-3,"{""1-2-3"": 500}","{""1-2-3"": 440}","{""1-2"": 230}","{""1-2"": 150}","{""1-2"": 110, ""1-3"": 330, ""2-3"": 360}",{},{},1784279160.0,1784278860.0,1-2|1-3|2-3,True,False,9188.0,True,締切前予想,0.0,-300.0
2026-07-18,いわき平,3,031320260718,trio,3連複,1,1-2-3,0.2816872363159501,75.2,2018,True,500,37600.0,37100.0,500,10090.0,False,external holdout ROI target was not met,shadow_bets_20260718.csv,2026-07-18T14:55:21+09:00,1784377200.0,1784376900.0,,,1-4-5,187.4,3,1784377956,https://www.winticket.jp/keirin/iwakidaira/racecard/2026071613/3/3,1-4-5,1-4,1-4,1-4,1-4,1-4|1-5|4-5,"{""1-4-5"": 18740}","{""1-4-5"": 7270}","{""1-4"": 2840}","{""1-4"": 1820}","{""1-4"": 460, ""1-5"": 860, ""4-5"": 2390}",{},{},1784377200.0,1784376900.0,1-4-5,True,False,22779.0,True,締切前予想,0.0,-500.0
2026-07-18,いわき平,3,031320260718,trio,3連複,2,1-2-7,0.1675502085312137,112.8,1790,True,500,56400.0,55900.0,500,8950.0,False,external holdout ROI target was not met,shadow_bets_20260718.csv,2026-07-18T14:55:21+09:00,1784377200.0,1784376900.0,,,1-4-5,187.4,3,1784377956,https://www.winticket.jp/keirin/iwakidaira/racecard/2026071613/3/3,1-4-5,1-4,1-4,1-4,1-4,1-4|1-5|4-5,"{""1-4-5"": 18740}","{""1-4-5"": 7270}","{""1-4"": 2840}","{""1-4"": 1820}","{""1-4"": 460, ""1-5"": 860, ""4-5"": 2390}",{},{},1784377200.0,1784376900.0,1-4-5,True,False,22779.0,True,締切前予想,0.0,-500.0
2026-07-18,いわき平,5,051320260718,trifecta,3連単,2,1-3-2,0.1173116868880059,76.9,802,True,300,23070.0,22770.0,300,2406.0,False,external holdout ROI target was not met,shadow_bets_20260718.csv,2026-07-18T14:55:21+09:00,1784379600.0,1784379300.0,,,1-4-2,9.0,3,1784380242,https://www.winticket.jp/keirin/iwakidaira/racecard/2026071613/3/5,1-2-4,1-4,1-4,1-4,1-4,1-2|1-4|2-4,"{""1-4-2"": 900}","{""1-2-4"": 200}","{""1-4"": 530}","{""1-4"": 380}","{""1-2"": 110, ""1-4"": 140, ""2-4"": 150}",{},{},1784379600.0,1784379300.0,1-4-2,True,False,25179.0,True,締切前予想,0.0,-300.0
2026-07-18,いわき平,9,091320260718,exacta,2車単,4,1-5,0.0667289482750751,147.7,886,True,300,44310.0,44010.0,300,2658.0,False,external holdout ROI target was not met,shadow_bets_20260718.csv,2026-07-18T14:55:21+09:00,1784384400.0,1784384100.0,,,5-2-4,3.7,3,1784385457,https://www.winticket.jp/keirin/iwakidaira/racecard/2026071613/3/9,2-4-5,5-2,2-5,5-2,2-5,2-4|2-5|4-5,"{""5-2-4"": 370}","{""2-4-5"": 280}","{""5-2"": 180}","{""2-5"": 150}","{""2-4"": 200, ""2-5"": 100, ""4-5"": 220}",{},{},1784384400.0,1784384100.0,5-2,True,False,29979.0,True,締切前予想,0.0,-300.0
2026-07-18,奈良,2,025320260718,trifecta,3連単,3,1-3-2,0.0734650616924492,148.5,991,True,400,59400.0,59000.0,400,3964.0,False,external holdout ROI target was not met,shadow_bets_20260718.csv,2026-07-18T14:55:21+09:00,1784376600.0,1784376300.0,,,4-3-7,459.4,3,1784377186,https://www.winticket.jp/keirin/nara/racecard/2026071653/3/2,3-4-7,4-3,3-4,4-3,3-4,3-4|3-7|4-7,"{""4-3-7"": 45940}","{""3-4-7"": 6380}","{""4-3"": 5600}","{""3-4"": 1600}","{""3-4"": 880, ""3-7"": 3610, ""4-7"": 3660}",{},{},1784376600.0,1784376300.0,4-3-7,True,False,22179.0,True,締切前予想,0.0,-400.0
2026-07-18,奈良,4,045320260718,trifecta,3連単,3,1-2-4,0.0711333735880114,190.5,1255,True,500,95250.0,94750.0,500,6275.0,False,external holdout ROI target was not met,shadow_bets_20260718.csv,2026-07-18T14:55:21+09:00,1784379000.0,1784378700.0,,,2-6-3,12.4,3,1784379537,https://www.winticket.jp/keirin/nara/racecard/2026071653/3/4,2-3-6,2-6,2-6,2-6,2-6,2-3|2-6|3-6,"{""2-6-3"": 1240}","{""2-3-6"": 480}","{""2-6"": 670}","{""2-6"": 410}","{""2-3"": 250, ""2-6"": 240, ""3-6"": 520}",{},{},1784379000.0,1784378700.0,2-6-3,True,False,24579.0,True,締切前予想,0.0,-500.0
2026-07-18,奈良,4,045320260718,trifecta,3連単,1,2-1-4,0.0852055526091975,254.0,2064,True,500,127000.0,126500.0,500,10320.0,False,external holdout ROI target was not met,shadow_bets_20260718.csv,2026-07-18T14:55:21+09:00,1784379000.0,1784378700.0,,,2-6-3,12.4,3,1784379537,https://www.winticket.jp/keirin/nara/racecard/2026071653/3/4,2-3-6,2-6,2-6,2-6,2-6,2-3|2-6|3-6,"{""2-6-3"": 1240}","{""2-3-6"": 480}","{""2-6"": 670}","{""2-6"": 410}","{""2-3"": 250, ""2-6"": 240, ""3-6"": 520}",{},{},1784379000.0,1784378700.0,2-6-3,True,False,24579.0,True,締切前予想,0.0,-500.0
2026-07-18,奈良,9,095320260718,exacta,2車単,1,1-4,0.2243164742214483,61.1,1271,True,500,30550.0,30050.0,500,6355.0,False,external holdout ROI target was not met,shadow_bets_20260718.csv,2026-07-18T14:55:21+09:00,1784385000.0,1784384700.0,,,4-3-2,14.7,3,1784385687,https://www.winticket.jp/keirin/nara/racecard/2026071653/3/9,2-3-4,4-3,3-4,4-3,3-4,2-3|2-4|3-4,"{""4-3-2"": 1470}","{""2-3-4"": 630}","{""4-3"": 660}","{""3-4"": 480}","{""2-3"": 600, ""2-4"": 210, ""3-4"": 220}",{},{},1784385000.0,1784384700.0,4-3,True,False,30579.0,True,締切前予想,0.0,-500.0
2026-07-18,奈良,9,095320260718,quinella_place,ワイド,2,1-3,0.394992005770457,11.5,354,True,200,2300.0,2100.0,200,708.0,False,external holdout ROI target was not met,shadow_bets_20260718.csv,2026-07-18T14:55:21+09:00,1784385000.0,1784384700.0,,,4-3-2,14.7,3,1784385687,https://www.winticket.jp/keirin/nara/racecard/2026071653/3/9,2-3-4,4-3,3-4,4-3,3-4,2-3|2-4|3-4,"{""4-3-2"": 1470}","{""2-3-4"": 630}","{""4-3"": 660}","{""3-4"": 480}","{""2-3"": 600, ""2-4"": 210, ""3-4"": 220}",{},{},1784385000.0,1784384700.0,2-3|2-4|3-4,True,False,30579.0,True,締切前予想,0.0,-200.0
2026-07-18,奈良,9,095320260718,quinella_place,ワイド,1,1-4,0.6087198667220358,9.3,466,True,200,1860.0,1660.0,200,932.0,False,external holdout ROI target was not met,shadow_bets_20260718.csv,2026-07-18T14:55:21+09:00,1784385000.0,1784384700.0,,,4-3-2,14.7,3,1784385687,https://www.winticket.jp/keirin/nara/racecard/2026071653/3/9,2-3-4,4-3,3-4,4-3,3-4,2-3|2-4|3-4,"{""4-3-2"": 1470}","{""2-3-4"": 630}","{""4-3"": 660}","{""3-4"": 480}","{""2-3"": 600, ""2-4"": 210, ""3-4"": 220}",{},{},1784385000.0,1784384700.0,2-3|2-4|3-4,True,False,30579.0,True,締切前予想,0.0,-200.0
2026-07-18,松阪,11,114720260718,trifecta,3連単,2,5-2-4,0.1238281686141368,77.0,853,True,300,23100.0,22800.0,300,2559.0,False,external holdout ROI target was not met,shadow_bets_20260718.csv,2026-07-18T14:55:21+09:00,1784357100.0,1784356800.0,,,2-1-6,90.3,3,1784357860,https://www.winticket.jp/keirin/matsusaka/racecard/2026071647/3/11,1-2-6,2-1,1-2,2-1,1-2,1-2|1-6|2-6,"{""2-1-6"": 9030}","{""1-2-6"": 2330}","{""2-1"": 1770}","{""1-2"": 1160}","{""1-2"": 530, ""1-6"": 850, ""2-6"": 500}",{},{},1784357100.0,1784356800.0,2-1-6,True,False,2679.0,True,締切前予想,0.0,-300.0
2026-07-18,西武園,1,012620260718,trifecta,3連単,2,5-4-3,0.0893340669052022,122.6,995,True,400,49040.0,48640.0,400,3980.0,False,external holdout ROI target was not met,shadow_bets_20260718.csv,2026-07-18T14:55:21+09:00,1784356020.0,1784355720.0,,,4-3-7,4.2,3,1784356646,https://www.winticket.jp/keirin/seibuen/racecard/2026071626/3/1,3-4-7,4-3,3-4,4-3,3-4,3-4|3-7|4-7,"{""4-3-7"": 420}","{""3-4-7"": 170}","{""4-3"": 250}","{""3-4"": 130}","{""3-4"": 100, ""3-7"": 110, ""4-7"": 150}",{},{},1784356020.0,1784355720.0,4-3-7,True,False,1599.0,True,締切前予想,0.0,-400.0
2026-07-18,西武園,2,022620260718,trifecta,3連単,4,7-1-3,0.0726804555650362,152.0,1005,True,400,60800.0,60400.0,400,4020.0,False,external holdout ROI target was not met,shadow_bets_20260718.csv,2026-07-18T14:55:21+09:00,1784357640.0,1784357340.0,,,1-3-2,69.9,3,1784358330,https://www.winticket.jp/keirin/seibuen/racecard/2026071626/3/2,1-2-3,1-3,1-3,1-3,1-3,1-2|1-3|2-3,"{""1-3-2"": 6990}","{""1-2-3"": 5440}","{""1-3"": 220}","{""1-3"": 130}","{""1-2"": 640, ""1-3"": 110, ""2-3"": 850}",{},{},1784357640.0,1784357340.0,1-3-2,True,False,3219.0,True,締切前予想,0.0,-400.0
2026-07-18,西武園,3,032620260718,exacta,2車単,6,2-3,0.0808107949641928,195.0,1476,True,500,97500.0,97000.0,500,7380.0,False,external holdout ROI target was not met,shadow_bets_20260718.csv,2026-07-18T14:55:21+09:00,1784359140.0,1784358840.0,,,1-6-5,522.2,3,1784359770,https://www.winticket.jp/keirin/seibuen/racecard/2026071626/3/3,1-5-6,1-6,1-6,1-6,1-6,1-5|1-6|5-6,"{""1-6-5"": 52220}","{""1-5-6"": 13660}","{""1-6"": 8650}","{""1-6"": 4630}","{""1-5"": 2120, ""1-6"": 2870, ""5-6"": 7810}",{},{},1784359140.0,1784358840.0,1-6,True,False,4719.0,True,締切前予想,0.0,-500.0
2026-07-18,西武園,6,062620260718,exacta,2車単,1,3-4,0.1312021402991654,165.7,2074,True,500,82850.0,82350.0,500,10370.0,False,external holdout ROI target was not met,shadow_bets_20260718.csv,2026-07-18T14:55:21+09:00,1784363940.0,1784363640.0,,,5-4-1,147.8,3,1784364636,https://www.winticket.jp/keirin/seibuen/racecard/2026071626/3/6,1-4-5,5-4,4-5,5-4,4-5,1-4|1-5|4-5,"{""5-4-1"": 14780}","{""1-4-5"": 3040}","{""5-4"": 3930}","{""4-5"": 2260}","{""1-4"": 640, ""1-5"": 1290, ""4-5"": 590}",{},{},1784363940.0,1784363640.0,5-4,True,False,9519.0,True,締切前予想,0.0,-500.0
2026-07-18,西武園,6,062620260718,quinella_place,ワイド,1,3-4,0.4804704879239664,9.0,332,True,200,1800.0,1600.0,200,664.0,False,external holdout ROI target was not met,shadow_bets_20260718.csv,2026-07-18T14:55:21+09:00,1784363940.0,1784363640.0,,,5-4-1,147.8,3,1784364636,https://www.winticket.jp/keirin/seibuen/racecard/2026071626/3/6,1-4-5,5-4,4-5,5-4,4-5,1-4|1-5|4-5,"{""5-4-1"": 14780}","{""1-4-5"": 3040}","{""5-4"": 3930}","{""4-5"": 2260}","{""1-4"": 640, ""1-5"": 1290, ""4-5"": 590}",{},{},1784363940.0,1784363640.0,1-4|1-5|4-5,True,False,9519.0,True,締切前予想,0.0,-200.0
2026-07-19,京王閣,1,012720260719,exacta,2車単,3,1-5,0.1212021837297716,93.0,1027,True,400,37200.0,36800.0,400,4108.0,False,external holdout ROI target was not met,shadow_bets_20260719.csv,2026-07-19T16:18:42+09:00,1784461800.0,1784461500.0,02f306055c6d5e2aa86381af2f1bff6fb6d903971941dfd9ad4dfe47a943b6cd,daily morning snapshot,3-1-2,8.6,3,1784462463,https://www.winticket.jp/keirin/keiokaku/racecard/2026071927/1/1,1-2-3,3-1,1-3,3-1,1-3,1-2|1-3|2-3,"{""3-1-2"": 860}","{""1-2-3"": 220}","{""3-1"": 420}","{""1-3"": 150}","{""1-2"": 190, ""1-3"": 110, ""2-3"": 210}",{},{},1784461800.0,1784461500.0,3-1,True,False,15978.0,True,締切前予想,0.0,-400.0
2026-07-19,京王閣,1,012720260719,quinella_place,ワイド,3,1-5,0.3680828845429892,19.0,599,True,200,3800.0,3600.0,200,1198.0,False,external holdout ROI target was not met,shadow_bets_20260719.csv,2026-07-19T16:18:42+09:00,1784461800.0,1784461500.0,02f306055c6d5e2aa86381af2f1bff6fb6d903971941dfd9ad4dfe47a943b6cd,daily morning snapshot,3-1-2,8.6,3,1784462463,https://www.winticket.jp/keirin/keiokaku/racecard/2026071927/1/1,1-2-3,3-1,1-3,3-1,1-3,1-2|1-3|2-3,"{""3-1-2"": 860}","{""1-2-3"": 220}","{""3-1"": 420}","{""1-3"": 150}","{""1-2"": 190, ""1-3"": 110, ""2-3"": 210}",{},{},1784461800.0,1784461500.0,1-2|1-3|2-3,True,False,15978.0,True,締切前予想,0.0,-200.0
2026-07-19,京王閣,5,052720260719,quinella_place,ワイド,2,1-6,0.4924472105444771,9.7,378,True,200,1940.0,1740.0,200,756.0,False,external holdout ROI target was not met,shadow_bets_20260719.csv,2026-07-19T16:18:42+09:00,1784466600.0,1784466300.0,02f306055c6d5e2aa86381af2f1bff6fb6d903971941dfd9ad4dfe47a943b6cd,daily morning snapshot,2-4-6,77.9,3,1784467233,https://www.winticket.jp/keirin/keiokaku/racecard/2026071927/1/5,2-4-6,2-4,2-4,2-4,2-4,2-4|2-6|4-6,"{""2-4-6"": 7790}","{""2-4-6"": 1870}","{""2-4"": 2040}","{""2-4"": 1090}","{""2-4"": 390, ""2-6"": 480, ""4-6"": 750}",{},{},1784466600.0,1784466300.0,2-4|2-6|4-6,True,False,20778.0,True,締切前予想,0.0,-200.0
2026-07-19,京王閣,8,082720260719,quinella,2車複,2,1-3,0.1481082051255215,240.5,3462,True,500,120250.0,119750.0,500,17310.0,False,external holdout ROI target was not met,shadow_bets_20260719.csv,2026-07-19T16:18:42+09:00,1784470200.0,1784469900.0,02f306055c6d5e2aa86381af2f1bff6fb6d903971941dfd9ad4dfe47a943b6cd,daily morning snapshot,1-2-4,4.4,3,1784470892,https://www.winticket.jp/keirin/keiokaku/racecard/2026071927/1/8,1-2-4,1-2,1-2,1-2,1-2,1-2|1-4|2-4,"{""1-2-4"": 440}","{""1-2-4"": 180}","{""1-2"": 280}","{""1-2"": 140}","{""1-2"": 100, ""1-4"": 160, ""2-4"": 170}",{},{},1784470200.0,1784469900.0,1-2,True,False,24378.0,True,締切前予想,0.0,-500.0
2026-07-19,豊橋,2,024520260719,trifecta,3連単,1,1-3-2,0.1245305780445256,95.6,1091,True,400,38240.0,37840.0,400,4364.0,False,external holdout ROI target was not met,shadow_bets_20260719.csv,2026-07-19T16:18:42+09:00,1784462400.0,1784462100.0,02f306055c6d5e2aa86381af2f1bff6fb6d903971941dfd9ad4dfe47a943b6cd,daily morning snapshot,5-3-2,58.6,3,1784463084,https://www.winticket.jp/keirin/toyohashi/racecard/2026071945/1/2,2-3-5,5-3,3-5,5-3,3-5,2-3|2-5|3-5,"{""5-3-2"": 5860}","{""2-3-5"": 780}","{""5-3"": 1350}","{""3-5"": 380}","{""2-3"": 330, ""2-5"": 820, ""3-5"": 210}",{},{},1784462400.0,1784462100.0,5-3-2,True,False,16578.0,True,締切前予想,0.0,-400.0
2026-07-19,豊橋,3,034520260719,exacta,2車単,4,2-1,0.0830655833783815,127.5,959,True,400,51000.0,50600.0,400,3836.0,False,external holdout ROI target was not met,shadow_bets_20260719.csv,2026-07-19T16:18:42+09:00,1784463600.0,1784463300.0,02f306055c6d5e2aa86381af2f1bff6fb6d903971941dfd9ad4dfe47a943b6cd,daily morning snapshot,1-4-3,2.9,3,1784464332,https://www.winticket.jp/keirin/toyohashi/racecard/2026071945/1/3,1-3-4,1-4,1-4,1-4,1-4,1-3|1-4|3-4,"{""1-4-3"": 290}","{""1-3-4"": 170}","{""1-4"": 190}","{""1-4"": 190}","{""1-3"": 170, ""1-4"": 130, ""3-4"": 220}",{},{},1784463600.0,1784463300.0,1-4,True,False,17778.0,True,締切前予想,0.0,-400.0
2026-07-19,豊橋,3,034520260719,trio,3連複,2,1-2-6,0.22709395500066,70.5,1501,True,500,35250.0,34750.0,500,7505.0,False,external holdout ROI target was not met,shadow_bets_20260719.csv,2026-07-19T16:18:42+09:00,1784463600.0,1784463300.0,02f306055c6d5e2aa86381af2f1bff6fb6d903971941dfd9ad4dfe47a943b6cd,daily morning snapshot,1-4-3,2.9,3,1784464332,https://www.winticket.jp/keirin/toyohashi/racecard/2026071945/1/3,1-3-4,1-4,1-4,1-4,1-4,1-3|1-4|3-4,"{""1-4-3"": 290}","{""1-3-4"": 170}","{""1-4"": 190}","{""1-4"": 190}","{""1-3"": 170, ""1-4"": 130, ""3-4"": 220}",{},{},1784463600.0,1784463300.0,1-3-4,True,False,17778.0,True,締切前予想,0.0,-500.0
2026-07-19,豊橋,6,064520260719,trifecta,3連単,3,1-3-2,0.0774014800778191,125.4,871,True,300,37620.0,37320.0,300,2613.0,False,external holdout ROI target was not met,shadow_bets_20260719.csv,2026-07-19T16:18:42+09:00,1784467200.0,1784466900.0,02f306055c6d5e2aa86381af2f1bff6fb6d903971941dfd9ad4dfe47a943b6cd,daily morning snapshot,2-1-4,30.0,3,1784467912,https://www.winticket.jp/keirin/toyohashi/racecard/2026071945/1/6,1-2-4,2-1,1-2,2-1,1-2,1-2|1-4|2-4,"{""2-1-4"": 3000}","{""1-2-4"": 1090}","{""2-1"": 230}","{""1-2"": 130}","{""1-2"": 150, ""1-4"": 670, ""2-4"": 450}",{},{},1784467200.0,1784466900.0,2-1-4,True,False,21378.0,True,締切前予想,0.0,-300.0
2026-07-20,京王閣,1,012720260720,quinella_place,ワイド,5,2-4,0.3003951725613106,14.7,342,True,200,2940.0,2740.0,200,684.0,False,external holdout ROI target was not met,shadow_bets_20260720.csv,2026-07-20T17:30:20+09:00,1784548200.0,1784547900.0,02f306055c6d5e2aa86381af2f1bff6fb6d903971941dfd9ad4dfe47a943b6cd,daily morning snapshot,1-4-6,174.7,3,1784548825,https://www.winticket.jp/keirin/keiokaku/racecard/2026071927/2/1,1-4-6,1-4,1-4,1-4,1-4,1-4|1-6|4-6,"{""1-4-6"": 17470}","{""1-4-6"": 4130}","{""1-4"": 1750}","{""1-4"": 1170}","{""1-4"": 390, ""1-6"": 420, ""4-6"": 1180}",{},{},1784548200.0,1784547900.0,1-4|1-6|4-6,True,False,11680.0,True,締切前予想,0.0,-200.0
2026-07-20,京王閣,6,062720260720,quinella_place,ワイド,2,1-4,0.4822369938158265,13.2,537,True,200,2640.0,2440.0,200,1074.0,False,external holdout ROI target was not met,shadow_bets_20260720.csv,2026-07-20T17:30:20+09:00,1784554200.0,1784553900.0,02f306055c6d5e2aa86381af2f1bff6fb6d903971941dfd9ad4dfe47a943b6cd,daily morning snapshot,1-4-3,43.1,3,1784554899,https://www.winticket.jp/keirin/keiokaku/racecard/2026071927/2/6,1-3-4,1-4,1-4,1-4,1-4,1-3|1-4|3-4,"{""1-4-3"": 4310}","{""1-3-4"": 2540}","{""1-4"": 350}","{""1-4"": 340}","{""1-3"": 490, ""1-4"": 180, ""3-4"": 1050}",{},{},1784554200.0,1784553900.0,1-3|1-4|3-4,True,True,17680.0,True,締切前予想,360.0,160.0
2026-07-20,京王閣,6,062720260720,trifecta,3連単,1,1-5-4,0.094762379399063,114.8,988,True,400,45920.0,45520.0,400,3952.0,False,external holdout ROI target was not met,shadow_bets_20260720.csv,2026-07-20T17:30:20+09:00,1784554200.0,1784553900.0,02f306055c6d5e2aa86381af2f1bff6fb6d903971941dfd9ad4dfe47a943b6cd,daily morning snapshot,1-4-3,43.1,3,1784554899,https://www.winticket.jp/keirin/keiokaku/racecard/2026071927/2/6,1-3-4,1-4,1-4,1-4,1-4,1-3|1-4|3-4,"{""1-4-3"": 4310}","{""1-3-4"": 2540}","{""1-4"": 350}","{""1-4"": 340}","{""1-3"": 490, ""1-4"": 180, ""3-4"": 1050}",{},{},1784554200.0,1784553900.0,1-4-3,True,False,17680.0,True,締切前予想,0.0,-400.0
2026-07-20,京王閣,7,072720260720,quinella_place,ワイド,1,1-7,0.5797094824920367,13.5,683,True,300,4050.0,3750.0,300,2049.0,False,external holdout ROI target was not met,shadow_bets_20260720.csv,2026-07-20T17:30:20+09:00,1784555400.0,1784555100.0,02f306055c6d5e2aa86381af2f1bff6fb6d903971941dfd9ad4dfe47a943b6cd,daily morning snapshot,1-3-6,17.3,3,1784556045,https://www.winticket.jp/keirin/keiokaku/racecard/2026071927/2/7,1-3-6,1-3,1-3,1-3,1-3,1-3|1-6|3-6,"{""1-3-6"": 1730}","{""1-3-6"": 1060}","{""1-3"": 320}","{""1-3"": 290}","{""1-3"": 200, ""1-6"": 390, ""3-6"": 540}",{},{},1784555400.0,1784555100.0,1-3|1-6|3-6,True,False,18880.0,True,締切前予想,0.0,-300.0
2026-07-20,豊橋,7,074520260720,exacta,2車単,1,2-7,0.1214820389306462,89.2,984,True,400,35680.0,35280.0,400,3936.0,False,external holdout ROI target was not met,shadow_bets_20260720.csv,2026-07-20T17:30:20+09:00,1784554800.0,1784554500.0,02f306055c6d5e2aa86381af2f1bff6fb6d903971941dfd9ad4dfe47a943b6cd,daily morning snapshot,2-4-5,16.9,3,1784555515,https://www.winticket.jp/keirin/toyohashi/racecard/2026071945/2/7,2-4-5,2-4,2-4,2-4,2-4,2-4|2-5|4-5,"{""2-4-5"": 1690}","{""2-4-5"": 1060}","{""2-4"": 570}","{""2-4"": 490}","{""2-4"": 210, ""2-5"": 200, ""4-5"": 460}",{},{},1784554800.0,1784554500.0,2-4,True,False,18280.0,True,締切前予想,0.0,-400.0
2026-07-20,豊橋,7,074520260720,quinella_place,ワイド,1,2-7,0.4883863946001969,9.5,364,True,200,1900.0,1700.0,200,728.0,False,external holdout ROI target was not met,shadow_bets_20260720.csv,2026-07-20T17:30:20+09:00,1784554800.0,1784554500.0,02f306055c6d5e2aa86381af2f1bff6fb6d903971941dfd9ad4dfe47a943b6cd,daily morning snapshot,2-4-5,16.9,3,1784555515,https://www.winticket.jp/keirin/toyohashi/racecard/2026071945/2/7,2-4-5,2-4,2-4,2-4,2-4,2-4|2-5|4-5,"{""2-4-5"": 1690}","{""2-4-5"": 1060}","{""2-4"": 570}","{""2-4"": 490}","{""2-4"": 210, ""2-5"": 200, ""4-5"": 460}",{},{},1784554800.0,1784554500.0,2-4|2-5|4-5,True,False,18280.0,True,締切前予想,0.0,-200.0
2026-07-21,京王閣,4,042720260721,trio,3連複,3,1-2-6,0.1046463825685745,140.2,1367,True,500,70100.0,69600.0,500,6835.0,False,external holdout ROI target was not met,shadow_bets_20260721.csv,2026-07-21T15:49:02+09:00,1784638200.0,1784637900.0,02f306055c6d5e2aa86381af2f1bff6fb6d903971941dfd9ad4dfe47a943b6cd,daily morning snapshot,4-2-1,46.1,3,1784638857,https://www.winticket.jp/keirin/keiokaku/racecard/2026071927/3/4,1-2-4,4-2,2-4,4-2,2-4,1-2|1-4|2-4,"{""4-2-1"": 4610}","{""1-2-4"": 410}","{""4-2"": 2700}","{""2-4"": 1090}","{""1-2"": 120, ""1-4"": 340, ""2-4"": 250}",{},{},1784638200.0,1784637900.0,1-2-4,True,False,21358.0,True,締切前予想,0.0,-500.0
2026-07-21,京王閣,6,062720260721,trifecta,3連単,3,7-1-2,0.0839441497724838,129.9,990,True,400,51960.0,51560.0,400,3960.0,False,external holdout ROI target was not met,shadow_bets_20260721.csv,2026-07-21T15:49:02+09:00,1784640600.0,1784640300.0,02f306055c6d5e2aa86381af2f1bff6fb6d903971941dfd9ad4dfe47a943b6cd,daily morning snapshot,1-2-7,117.9,3,1784641217,https://www.winticket.jp/keirin/keiokaku/racecard/2026071927/3/6,1-2-7,1-2,1-2,1-2,1-2,1-2|1-7|2-7,"{""1-2-7"": 11790}","{""1-2-7"": 640}","{""1-2"": 3180}","{""1-2"": 1180}","{""1-2"": 290, ""1-7"": 300, ""2-7"": 140}",{},{},1784640600.0,1784640300.0,1-2-7,True,False,23758.0,True,締切前予想,0.0,-400.0
2026-07-21,京王閣,7,072720260721,trifecta,3連単,1,2-3-1,0.106514234195871,98.4,948,True,400,39360.0,38960.0,400,3792.0,False,external holdout ROI target was not met,shadow_bets_20260721.csv,2026-07-21T15:49:02+09:00,1784641800.0,1784641500.0,02f306055c6d5e2aa86381af2f1bff6fb6d903971941dfd9ad4dfe47a943b6cd,daily morning snapshot,2-1-6,16.1,3,1784642427,https://www.winticket.jp/keirin/keiokaku/racecard/2026071927/3/7,1-2-6,2-1,1-2,2-1,1-2,1-2|1-6|2-6,"{""2-1-6"": 1610}","{""1-2-6"": 1030}","{""2-1"": 270}","{""1-2"": 190}","{""1-2"": 180, ""1-6"": 860, ""2-6"": 440}",{},{},1784641800.0,1784641500.0,2-1-6,True,False,24958.0,True,締切前予想,0.0,-400.0
2026-07-21,豊橋,3,034520260721,trio,3連複,2,1-2-5,0.216441416264934,42.0,809,True,300,12600.0,12300.0,300,2427.0,False,external holdout ROI target was not met,shadow_bets_20260721.csv,2026-07-21T15:49:02+09:00,1784636400.0,1784636100.0,02f306055c6d5e2aa86381af2f1bff6fb6d903971941dfd9ad4dfe47a943b6cd,daily morning snapshot,1-2-6,9.9,3,1784637068,https://www.winticket.jp/keirin/toyohashi/racecard/2026071945/3/3,1-2-6,1-2,1-2,1-2,1-2,1-2|1-6|2-6,"{""1-2-6"": 990}","{""1-2-6"": 370}","{""1-2"": 360}","{""1-2"": 250}","{""1-2"": 180, ""1-6"": 270, ""2-6"": 310}",{},{},1784636400.0,1784636100.0,1-2-6,True,False,19558.0,True,締切前予想,0.0,-300.0
2026-07-21,豊橋,7,074520260721,exacta,2車単,1,7-1,0.180532440342972,53.2,860,True,300,15960.0,15660.0,300,2580.0,False,external holdout ROI target was not met,shadow_bets_20260721.csv,2026-07-21T15:49:02+09:00,1784641200.0,1784640900.0,02f306055c6d5e2aa86381af2f1bff6fb6d903971941dfd9ad4dfe47a943b6cd,daily morning snapshot,4-1-3,44.1,3,1784641917,https://www.winticket.jp/keirin/toyohashi/racecard/2026071945/3/7,1-3-4,4-1,1-4,4-1,1-4,1-3|1-4|3-4,"{""4-1-3"": 4410}","{""1-3-4"": 1390}","{""4-1"": 1740}","{""1-4"": 800}","{""1-3"": 270, ""1-4"": 340, ""3-4"": 460}",{},{},1784641200.0,1784640900.0,4-1,True,False,24358.0,True,締切前予想,0.0,-300.0
2026-07-22,いわき平,2,021320260722,quinella,2車複,1,2-3,0.0730399643848618,249.1,1719,True,500,124550.0,124050.0,500,8595.0,False,external holdout ROI target was not met,shadow_bets_20260722.csv,2026-07-22T16:42:41+09:00,1784722380.0,1784722080.0,02f306055c6d5e2aa86381af2f1bff6fb6d903971941dfd9ad4dfe47a943b6cd,daily morning snapshot,2-1-7,30.5,3,1784723462,https://www.winticket.jp/keirin/iwakidaira/racecard/2026072213/1/2,1-2-7,2-1,1-2,2-1,1-2,1-2|1-7|2-7,"{""2-1-7"": 3050}","{""1-2-7"": 1560}","{""2-1"": 380}","{""1-2"": 120}","{""1-2"": 100, ""1-7"": 1010, ""2-7"": 850}",{},{},1784722380.0,1784722080.0,1-2,True,False,15919.0,True,締切前予想,0.0,-500.0
2026-07-22,いわき平,3,031320260722,trifecta,3連単,2,3-1-2,0.1385268267432858,232.0,3114,True,500,116000.0,115500.0,500,15570.0,False,external holdout ROI target was not met,shadow_bets_20260722.csv,2026-07-22T16:42:41+09:00,1784723820.0,1784723520.0,02f306055c6d5e2aa86381af2f1bff6fb6d903971941dfd9ad4dfe47a943b6cd,daily morning snapshot,1-5-3,51.1,3,1784724562,https://www.winticket.jp/keirin/iwakidaira/racecard/2026072213/1/3,1-3-5,1-5,1-5,1-5,1-5,1-3|1-5|3-5,"{""1-5-3"": 5110}","{""1-3-5"": 840}","{""1-5"": 1470}","{""1-5"": 1060}","{""1-3"": 240, ""1-5"": 400, ""3-5"": 550}",{},{},1784723820.0,1784723520.0,1-5-3,True,False,17359.0,True,締切前予想,0.0,-500.0
2026-07-22,いわき平,5,051320260722,exacta,2車単,1,1-2,0.3152754108208404,34.5,988,True,400,13800.0,13400.0,400,3952.0,False,external holdout ROI target was not met,shadow_bets_20260722.csv,2026-07-22T16:42:41+09:00,1784726820.0,1784726520.0,02f306055c6d5e2aa86381af2f1bff6fb6d903971941dfd9ad4dfe47a943b6cd,daily morning snapshot,2-1-3,14.7,3,1784727503,https://www.winticket.jp/keirin/iwakidaira/racecard/2026072213/1/5,1-2-3,2-1,1-2,2-1,1-2,1-2|1-3|2-3,"{""2-1-3"": 1470}","{""1-2-3"": 400}","{""2-1"": 370}","{""1-2"": 130}","{""1-2"": 130, ""1-3"": 200, ""2-3"": 220}",{},{},1784726820.0,1784726520.0,2-1,True,False,20359.0,True,締切前予想,0.0,-400.0
2026-07-22,いわき平,6,061320260722,trio,3連複,1,1-2-3,0.3665450960015732,66.0,2319,True,500,33000.0,32500.0,500,11595.0,False,external holdout ROI target was not met,shadow_bets_20260722.csv,2026-07-22T16:42:41+09:00,1784728440.0,1784728140.0,02f306055c6d5e2aa86381af2f1bff6fb6d903971941dfd9ad4dfe47a943b6cd,daily morning snapshot,2-1-4,11.8,3,1784729142,https://www.winticket.jp/keirin/iwakidaira/racecard/2026072213/1/6,1-2-4,2-1,1-2,2-1,1-2,1-2|1-4|2-4,"{""2-1-4"": 1180}","{""1-2-4"": 280}","{""2-1"": 580}","{""1-2"": 170}","{""1-2"": 130, ""1-4"": 200, ""2-4"": 250}",{},{},1784728440.0,1784728140.0,1-2-4,True,False,21979.0,True,締切前予想,0.0,-500.0
2026-07-22,伊東,6,063720260722,trifecta,3連単,1,1-3-2,0.1097775037421431,129.3,1319,True,500,64650.0,64150.0,500,6595.0,False,external holdout ROI target was not met,shadow_bets_20260722.csv,2026-07-22T16:42:41+09:00,1784728980.0,1784728680.0,02f306055c6d5e2aa86381af2f1bff6fb6d903971941dfd9ad4dfe47a943b6cd,daily morning snapshot,4-3-6,35.4,3,1784729472,https://www.winticket.jp/keirin/ito/racecard/2026072237/1/6,3-4-6,4-3,3-4,4-3,3-4,3-4|3-6|4-6,"{""4-3-6"": 3540}","{""3-4-6"": 2740}","{""4-3"": 750}","{""3-4"": 580}","{""3-4"": 250, ""3-6"": 1610, ""4-6"": 2150}",{},{},1784728980.0,1784728680.0,4-3-6,True,False,22519.0,True,締切前予想,0.0,-500.0
2026-07-23,いわき平,2,021320260723,trifecta,3連単,3,2-1-3,0.0843928158233464,117.3,890,True,300,35190.0,34890.0,300,2670.0,False,external holdout ROI target was not met,shadow_bets_20260723.csv,2026-07-23T15:46:28+09:00,1784808780.0,1784808480.0,02f306055c6d5e2aa86381af2f1bff6fb6d903971941dfd9ad4dfe47a943b6cd,daily morning snapshot,2-4-1,37.5,3,1784809504,https://www.winticket.jp/keirin/iwakidaira/racecard/2026072213/2/2,1-2-4,2-4,2-4,2-4,2-4,1-2|1-4|2-4,"{""1-2-6"": 100, ""1-3-6"": 100, ""1-4-6"": 100, ""1-5-6"": 100, ""1-6-2"": 100, ""1-6-3"": 100, ""1-6-4"": 100, ""1-6-5"": 100, ""1-6-7"": 100, ""1-7-6"": 100, ""2-1-6"": 100, ""2-3-6"": 100, ""2-4-1"": 3750, ""2-4-6"": 100, ""2-5-6"": 100, ""2-6-1"": 100, ""2-6-3"": 100, ""2-6-4"": 100, ""2-6-5"": 100, ""2-6-7"": 100, ""2-7-6"": 100, ""3-1-6"": 100, ""3-2-6"": 100, ""3-4-6"": 100, ""3-5-6"": 100, ""3-6-1"": 100, ""3-6-2"": 100, ""3-6-4"": 100, ""3-6-5"": 100, ""3-6-7"": 100, ""3-7-6"": 100, ""4-1-6"": 100, ""4-2-6"": 100, ""4-3-6"": 100, ""4-5-6"": 100, ""4-6-1"": 100, ""4-6-2"": 100, ""4-6-3"": 100, ""4-6-5"": 100, ""4-6-7"": 100, ""4-7-6"": 100, ""5-1-6"": 100, ""5-2-6"": 100, ""5-3-6"": 100, ""5-4-6"": 100, ""5-6-1"": 100, ""5-6-2"": 100, ""5-6-3"": 100, ""5-6-4"": 100, ""5-6-7"": 100, ""5-7-6"": 100, ""6-1-2"": 100, ""6-1-3"": 100, ""6-1-4"": 100, ""6-1-5"": 100, ""6-1-7"": 100, ""6-2-1"": 100, ""6-2-3"": 100, ""6-2-4"": 100, ""6-2-5"": 100, ""6-2-7"": 100, ""6-3-1"": 100, ""6-3-2"": 100, ""6-3-4"": 100, ""6-3-5"": 100, ""6-3-7"": 100, ""6-4-1"": 100, ""6-4-2"": 100, ""6-4-3"": 100, ""6-4-5"": 100, ""6-4-7"": 100, ""6-5-1"": 100, ""6-5-2"": 100, ""6-5-3"": 100, ""6-5-4"": 100, ""6-5-7"": 100, ""6-7-1"": 100, ""6-7-2"": 100, ""6-7-3"": 100, ""6-7-4"": 100, ""6-7-5"": 100, ""7-1-6"": 100, ""7-2-6"": 100, ""7-3-6"": 100, ""7-4-6"": 100, ""7-5-6"": 100, ""7-6-1"": 100, ""7-6-2"": 100, ""7-6-3"": 100, ""7-6-4"": 100, ""7-6-5"": 100}","{""1-2-4"": 1020, ""1-2-6"": 100, ""1-3-6"": 100, ""1-4-6"": 100, ""1-5-6"": 100, ""1-6-7"": 100, ""2-3-6"": 100, ""2-4-6"": 100, ""2-5-6"": 100, ""2-6-7"": 100, ""3-4-6"": 100, ""3-5-6"": 100, ""3-6-7"": 100, ""4-5-6"": 100, ""4-6-7"": 100, ""5-6-7"": 100}","{""1-6"": 100, ""2-4"": 820, ""2-6"": 100, ""3-6"": 100, ""4-6"": 100, ""5-6"": 100, ""6-1"": 100, ""6-2"": 100, ""6-3"": 100, ""6-4"": 100, ""6-5"": 100, ""6-7"": 100, ""7-6"": 100}","{""1-6"": 100, ""2-4"": 580, ""2-6"": 100, ""3-6"": 100, ""4-6"": 100, ""5-6"": 100, ""6-7"": 100}","{""1-2"": 250, ""1-4"": 230, ""1-6"": 100, ""2-4"": 250, ""2-6"": 100, ""3-6"": 100, ""4-6"": 100, ""5-6"": 100, ""6-7"": 100}",{},{},1784808780.0,1784808480.0,2-4-1,True,False,19292.0,True,締切前予想,0.0,-300.0
2026-07-23,いわき平,3,031320260723,trifecta,3連単,1,2-1-3,0.1082467544365478,86.0,831,True,300,25800.0,25500.0,300,2493.0,False,external holdout ROI target was not met,shadow_bets_20260723.csv,2026-07-23T15:46:28+09:00,1784810220.0,1784809920.0,02f306055c6d5e2aa86381af2f1bff6fb6d903971941dfd9ad4dfe47a943b6cd,daily morning snapshot,1-4-6,179.5,3,1784810884,https://www.winticket.jp/keirin/iwakidaira/racecard/2026072213/2/3,1-4-6,1-4,1-4,1-4,1-4,1-4|1-6|4-6,"{""1-4-6"": 17950}","{""1-4-6"": 8460}","{""1-4"": 2610}","{""1-4"": 1920}","{""1-4"": 340, ""1-6"": 990, ""4-6"": 2160}",{},{},1784810220.0,1784809920.0,1-4-6,True,False,20732.0,True,締切前予想,0.0,-300.0
2026-07-23,伊東,2,023720260723,trifecta,3連単,1,1-2-4,0.191823718230257,116.5,2135,True,500,58250.0,57750.0,500,10675.0,False,external holdout ROI target was not met,shadow_bets_20260723.csv,2026-07-23T15:46:28+09:00,1784809260.0,1784808960.0,02f306055c6d5e2aa86381af2f1bff6fb6d903971941dfd9ad4dfe47a943b6cd,daily morning snapshot,1-7-4,24.1,3,1784809744,https://www.winticket.jp/keirin/ito/racecard/2026072237/2/2,1-4-7,1-7,1-7,1-6,1-6,1-4|1-7|4-7,"{""1-7-4"": 2410}","{""1-4-7"": 990}","{""1-7"": 520}","{""1-7"": 470}","{""1-4"": 220, ""1-7"": 260, ""4-7"": 1070}",{},{},1784809260.0,1784808960.0,1-7-4,True,False,19772.0,True,締切前予想,0.0,-500.0
2026-07-23,伊東,6,063720260723,exacta,2車単,1,2-1,0.303327406860861,33.0,901,True,400,13200.0,12800.0,400,3604.0,False,external holdout ROI target was not met,shadow_bets_20260723.csv,2026-07-23T15:46:28+09:00,1784815380.0,1784815080.0,02f306055c6d5e2aa86381af2f1bff6fb6d903971941dfd9ad4dfe47a943b6cd,daily morning snapshot,1-6-2,157.2,3,1784815915,https://www.winticket.jp/keirin/ito/racecard/2026072237/2/6,1-2-6,1-6,1-6,1-6,1-6,1-2|1-6|2-6,"{""1-6-2"": 15720}","{""1-2-6"": 1250}","{""1-6"": 4320}","{""1-6"": 2330}","{""1-2"": 320, ""1-6"": 720, ""2-6"": 670}",{},{},1784815380.0,1784815080.0,1-6,True,False,25892.0,True,締切前予想,0.0,-400.0
2026-07-23,伊東,6,063720260723,trifecta,3連単,1,2-1-4,0.0887666806047687,166.8,1381,True,500,83400.0,82900.0,500,6905.0,False,external holdout ROI target was not met,shadow_bets_20260723.csv,2026-07-23T15:46:28+09:00,1784815380.0,1784815080.0,02f306055c6d5e2aa86381af2f1bff6fb6d903971941dfd9ad4dfe47a943b6cd,daily morning snapshot,1-6-2,157.2,3,1784815915,https://www.winticket.jp/keirin/ito/racecard/2026072237/2/6,1-2-6,1-6,1-6,1-6,1-6,1-2|1-6|2-6,"{""1-6-2"": 15720}","{""1-2-6"": 1250}","{""1-6"": 4320}","{""1-6"": 2330}","{""1-2"": 320, ""1-6"": 720, ""2-6"": 670}",{},{},1784815380.0,1784815080.0,1-6-2,True,False,25892.0,True,締切前予想,0.0,-500.0
2026-07-23,伊東,6,063720260723,trifecta,3連単,2,2-1-7,0.0860268688516516,166.8,1335,True,500,83400.0,82900.0,500,6675.0,False,external holdout ROI target was not met,shadow_bets_20260723.csv,2026-07-23T15:46:28+09:00,1784815380.0,1784815080.0,02f306055c6d5e2aa86381af2f1bff6fb6d903971941dfd9ad4dfe47a943b6cd,daily morning snapshot,1-6-2,157.2,3,1784815915,https://www.winticket.jp/keirin/ito/racecard/2026072237/2/6,1-2-6,1-6,1-6,1-6,1-6,1-2|1-6|2-6,"{""1-6-2"": 15720}","{""1-2-6"": 1250}","{""1-6"": 4320}","{""1-6"": 2330}","{""1-2"": 320, ""1-6"": 720, ""2-6"": 670}",{},{},1784815380.0,1784815080.0,1-6-2,True,False,25892.0,True,締切前予想,0.0,-500.0
2026-07-23,広島,4,046220260723,trio,3連複,1,1-3-4,0.2485158539184812,38.2,849,True,300,11460.0,11160.0,300,2547.0,False,external holdout ROI target was not met,shadow_bets_20260723.csv,2026-07-23T15:46:28+09:00,1784811180.0,1784810880.0,02f306055c6d5e2aa86381af2f1bff6fb6d903971941dfd9ad4dfe47a943b6cd,daily morning snapshot,1-3-4,16.0,3,1784811654,https://www.winticket.jp/keirin/hiroshima/racecard/2026072262/2/4,1-3-4,1-3,1-3,1-3,1-3,1-3|1-4|3-4,"{""1-3-4"": 1600}","{""1-3-4"": 1070}","{""1-3"": 180}","{""1-3"": 140}","{""1-3"": 150, ""1-4"": 270, ""3-4"": 670}",{},{},1784811180.0,1784810880.0,1-3-4,True,True,21692.0,True,締切前予想,3210.0,2910.0
2026-07-23,広島,7,076220260723,trifecta,3連単,1,1-3-4,0.0937377470221909,120.8,1032,True,400,48320.0,47920.0,400,4128.0,False,external holdout ROI target was not met,shadow_bets_20260723.csv,2026-07-23T15:46:28+09:00,1784815920.0,1784815620.0,02f306055c6d5e2aa86381af2f1bff6fb6d903971941dfd9ad4dfe47a943b6cd,daily morning snapshot,1-3-5,24.3,3,1784816514,https://www.winticket.jp/keirin/hiroshima/racecard/2026072262/2/7,1-3-5,1-3,1-3,1-3,1-3,1-3|1-5|3-5,"{""1-3-5"": 2430}","{""1-3-5"": 720}","{""1-3"": 660}","{""1-3"": 430}","{""1-3"": 170, ""1-5"": 210, ""3-5"": 310}",{},{},1784815920.0,1784815620.0,1-3-5,True,False,26432.0,True,締切前予想,0.0,-400.0
2026-07-23,広島,7,076220260723,trio,3連複,1,1-3-4,0.3236480514477085,70.5,2182,True,500,35250.0,34750.0,500,10910.0,False,external holdout ROI target was not met,shadow_bets_20260723.csv,2026-07-23T15:46:28+09:00,1784815920.0,1784815620.0,02f306055c6d5e2aa86381af2f1bff6fb6d903971941dfd9ad4dfe47a943b6cd,daily morning snapshot,1-3-5,24.3,3,1784816514,https://www.winticket.jp/keirin/hiroshima/racecard/2026072262/2/7,1-3-5,1-3,1-3,1-3,1-3,1-3|1-5|3-5,"{""1-3-5"": 2430}","{""1-3-5"": 720}","{""1-3"": 660}","{""1-3"": 430}","{""1-3"": 170, ""1-5"": 210, ""3-5"": 310}",{},{},1784815920.0,1784815620.0,1-3-5,True,False,26432.0,True,締切前予想,0.0,-500.0
2026-07-23,松阪,3,034720260723,trifecta,3連単,2,5-3-2,0.1118754250732782,127.7,1329,True,500,63850.0,63350.0,500,6645.0,False,external holdout ROI target was not met,shadow_bets_20260723.csv,2026-07-23T15:46:28+09:00,1784791020.0,1784790720.0,02f306055c6d5e2aa86381af2f1bff6fb6d903971941dfd9ad4dfe47a943b6cd,daily morning snapshot,5-2-4,2.5,3,1784791759,https://www.winticket.jp/keirin/matsusaka/racecard/2026072147/3/3,2-4-5,5-2,2-5,5-2,2-5,2-4|2-5|4-5,"{""5-2-4"": 250}","{""2-4-5"": 170}","{""5-2"": 210}","{""2-5"": 180}","{""2-4"": 130, ""2-5"": 100, ""4-5"": 140}",{},{},1784791020.0,1784790720.0,5-2-4,True,False,1532.0,True,締切前予想,0.0,-500.0
2026-07-24,いわき平,2,021320260724,trio,3連複,1,1-5-7,0.1671230971167759,56.2,839,True,300,16860.0,16560.0,300,2517.0,False,external holdout ROI target was not met,shadow_bets_20260724.csv,2026-07-24T15:46:30+09:00,1784895180.0,1784894880.0,02f306055c6d5e2aa86381af2f1bff6fb6d903971941dfd9ad4dfe47a943b6cd,daily morning snapshot,4-1-2,155.8,3,1784895843,https://www.winticket.jp/keirin/iwakidaira/racecard/2026072213/3/2,1-2-4,4-1,1-4,4-1,1-4,1-2|1-4|2-4,"{""4-1-2"": 15580}","{""1-2-4"": 2250}","{""4-1"": 3030}","{""1-4"": 1040}","{""1-2"": 410, ""1-4"": 360, ""2-4"": 1370}",{},{},1784895180.0,1784894880.0,1-2-4,True,False,19290.0,True,締切前予想,0.0,-300.0
2026-07-24,いわき平,7,071320260724,exacta,2車単,1,3-4,0.1239549892441305,83.6,936,True,400,33440.0,33040.0,400,3744.0,False,external holdout ROI target was not met,shadow_bets_20260724.csv,2026-07-24T15:46:30+09:00,1784902860.0,1784902560.0,02f306055c6d5e2aa86381af2f1bff6fb6d903971941dfd9ad4dfe47a943b6cd,daily morning snapshot,2-3-4,49.4,3,1784903549,https://www.winticket.jp/keirin/iwakidaira/racecard/2026072213/3/7,2-3-4,2-3,2-3,2-3,2-3,2-3|2-4|3-4,"{""2-3-4"": 4940}","{""2-3-4"": 760}","{""2-3"": 1610}","{""2-3"": 530}","{""2-3"": 330, ""2-4"": 620, ""3-4"": 330}",{},{},1784902860.0,1784902560.0,2-3,True,False,26970.0,True,締切前予想,0.0,-400.0
2026-07-24,小倉,7,078120260724,quinella_place,ワイド,3,2-4,0.4566862813299455,10.0,357,True,200,2000.0,1800.0,200,714.0,False,external holdout ROI target was not met,shadow_bets_20260724.csv,2026-07-24T15:46:30+09:00,1784884380.0,1784884080.0,02f306055c6d5e2aa86381af2f1bff6fb6d903971941dfd9ad4dfe47a943b6cd,daily morning snapshot,1-5-6,51.4,3,1784885653,https://www.winticket.jp/keirin/kokura/racecard/2026072481/1/7,1-5-6,1-5,1-5,1-5,1-5,1-5|1-6|5-6,"{""1-5-6"": 5140}","{""1-5-6"": 1810}","{""1-5"": 1490}","{""1-5"": 1210}","{""1-5"": 340, ""1-6"": 190, ""5-6"": 740}",{},{},1784884380.0,1784884080.0,1-5|1-6|5-6,True,False,8490.0,True,締切前予想,0.0,-200.0
2026-07-24,小倉,11,118120260724,quinella_place,ワイド,1,5-7,0.2758004226045639,18.5,410,True,200,3700.0,3500.0,200,820.0,False,external holdout ROI target was not met,shadow_bets_20260724.csv,2026-07-24T15:46:30+09:00,1784891580.0,1784891280.0,02f306055c6d5e2aa86381af2f1bff6fb6d903971941dfd9ad4dfe47a943b6cd,daily morning snapshot,5-1-3,23.2,3,1784892433,https://www.winticket.jp/keirin/kokura/racecard/2026072481/1/11,1-3-5,5-1,1-5,5-1,1-5,1-3|1-5|3-5,"{""5-1-3"": 2320}","{""1-3-5"": 1150}","{""5-1"": 270}","{""1-5"": 200}","{""1-3"": 660, ""1-5"": 160, ""3-5"": 260}",{},{},1784891580.0,1784891280.0,1-3|1-5|3-5,True,False,15690.0,True,締切前予想,0.0,-200.0
2026-07-24,広島,4,046220260724,trio,3連複,1,1-2-6,0.3169535565355104,36.0,1041,True,400,14400.0,14000.0,400,4164.0,False,external holdout ROI target was not met,shadow_bets_20260724.csv,2026-07-24T15:46:30+09:00,1784897580.0,1784897280.0,02f306055c6d5e2aa86381af2f1bff6fb6d903971941dfd9ad4dfe47a943b6cd,daily morning snapshot,1-2-5,5.8,3,1784898019,https://www.winticket.jp/keirin/hiroshima/racecard/2026072262/3/4,1-2-5,1-2,1-2,1-2,1-2,1-2|1-5|2-5,"{""1-2-5"": 580}","{""1-2-5"": 400}","{""1-2"": 270}","{""1-2"": 170}","{""1-2"": 140, ""1-5"": 220, ""2-5"": 290}",{},{},1784897580.0,1784897280.0,1-2-5,True,False,21690.0,True,締切前予想,0.0,-400.0
2026-07-24,広島,7,076220260724,quinella_place,ワイド,4,1-2,0.1994361470957097,30.2,502,True,200,6040.0,5840.0,200,1004.0,False,external holdout ROI target was not met,shadow_bets_20260724.csv,2026-07-24T15:46:30+09:00,1784902320.0,1784902020.0,02f306055c6d5e2aa86381af2f1bff6fb6d903971941dfd9ad4dfe47a943b6cd,daily morning snapshot,3-1-6,51.5,3,1784902849,https://www.winticket.jp/keirin/hiroshima/racecard/2026072262/3/7,1-3-6,3-1,1-3,3-1,1-3,1-3|1-6|3-6,"{""3-1-6"": 5150}","{""1-3-6"": 2390}","{""3-1"": 480}","{""1-3"": 450}","{""1-3"": 200, ""1-6"": 1540, ""3-6"": 350}",{},{},1784902320.0,1784902020.0,1-3|1-6|3-6,True,False,26430.0,True,締切前予想,0.0,-200.0
2026-07-24,広島,7,076220260724,quinella_place,ワイド,2,1-5,0.332482094840142,12.5,316,True,200,2500.0,2300.0,200,632.0,False,external holdout ROI target was not met,shadow_bets_20260724.csv,2026-07-24T15:46:30+09:00,1784902320.0,1784902020.0,02f306055c6d5e2aa86381af2f1bff6fb6d903971941dfd9ad4dfe47a943b6cd,daily morning snapshot,3-1-6,51.5,3,1784902849,https://www.winticket.jp/keirin/hiroshima/racecard/2026072262/3/7,1-3-6,3-1,1-3,3-1,1-3,1-3|1-6|3-6,"{""3-1-6"": 5150}","{""1-3-6"": 2390}","{""3-1"": 480}","{""1-3"": 450}","{""1-3"": 200, ""1-6"": 1540, ""3-6"": 350}",{},{},1784902320.0,1784902020.0,1-3|1-6|3-6,True,False,26430.0,True,締切前予想,0.0,-200.0
2026-07-25,小倉,2,028120260725,exacta,2車単,5,4-3,0.0876460035067157,114.0,899,True,300,34200.0,33900.0,300,2697.0,False,external holdout ROI target was not met,shadow_bets_20260725.csv,2026-07-25T15:39:24+09:00,1784964660.0,1784964360.0,02f306055c6d5e2aa86381af2f1bff6fb6d903971941dfd9ad4dfe47a943b6cd,daily morning snapshot,4-1-6,15.8,3,1784965504,https://www.winticket.jp/keirin/kokura/racecard/2026072481/2/2,1-4-6,4-1,1-4,4-1,1-4,1-4|1-6|4-6,"{""4-1-6"": 1580}","{""1-4-6"": 500}","{""4-1"": 550}","{""1-4"": 200}","{""1-4"": 160, ""1-6"": 390, ""4-6"": 480}",{},{},1784964660.0,1784964360.0,4-1,True,False,2796.0,True,締切前予想,0.0,-300.0
2026-07-25,松山,8,087520260725,quinella,2車複,2,1-3,0.1951915049908267,67.6,1219,True,500,33800.0,33300.0,500,6095.0,False,external holdout ROI target was not met,shadow_bets_20260725.csv,2026-07-25T15:39:24+09:00,1784988600.0,1784988300.0,02f306055c6d5e2aa86381af2f1bff6fb6d903971941dfd9ad4dfe47a943b6cd,daily morning snapshot,5-1-3,367.4,3,1784989450,https://www.winticket.jp/keirin/matsuyama/racecard/2026072575/1/8,1-3-5,5-1,1-5,5-1,1-5,1-3|1-5|3-5,"{""5-1-3"": 36740, ""5-3-1"": 42590}","{""1-3-5"": 2820}","{""5-1"": 8900, ""5-3"": 18560}","{""1-5"": 1020, ""3-5"": 4070}","{""1-3"": 310, ""1-5"": 660, ""3-5"": 1520}",{},{},1784988600.0,1784988300.0,1-5,True,False,26736.0,True,締切前予想,0.0,-500.0
2026-07-25,松山,8,087520260725,quinella,2車複,3,1-5,0.0684887980668059,270.7,1754,True,500,135350.0,134850.0,500,8770.0,False,external holdout ROI target was not met,shadow_bets_20260725.csv,2026-07-25T15:39:24+09:00,1784988600.0,1784988300.0,02f306055c6d5e2aa86381af2f1bff6fb6d903971941dfd9ad4dfe47a943b6cd,daily morning snapshot,5-1-3,367.4,3,1784989450,https://www.winticket.jp/keirin/matsuyama/racecard/2026072575/1/8,1-3-5,5-1,1-5,5-1,1-5,1-3|1-5|3-5,"{""5-1-3"": 36740, ""5-3-1"": 42590}","{""1-3-5"": 2820}","{""5-1"": 8900, ""5-3"": 18560}","{""1-5"": 1020, ""3-5"": 4070}","{""1-3"": 310, ""1-5"": 660, ""3-5"": 1520}",{},{},1784988600.0,1784988300.0,1-5,True,True,26736.0,True,締切前予想,5100.0,4600.0
2026-07-25,松山,8,087520260725,trio,3連複,1,1-2-3,0.4552719462134644,20.7,842,True,300,6210.0,5910.0,300,2526.0,False,external holdout ROI target was not met,shadow_bets_20260725.csv,2026-07-25T15:39:24+09:00,1784988600.0,1784988300.0,02f306055c6d5e2aa86381af2f1bff6fb6d903971941dfd9ad4dfe47a943b6cd,daily morning snapshot,5-1-3,367.4,3,1784989450,https://www.winticket.jp/keirin/matsuyama/racecard/2026072575/1/8,1-3-5,5-1,1-5,5-1,1-5,1-3|1-5|3-5,"{""5-1-3"": 36740, ""5-3-1"": 42590}","{""1-3-5"": 2820}","{""5-1"": 8900, ""5-3"": 18560}","{""1-5"": 1020, ""3-5"": 4070}","{""1-3"": 310, ""1-5"": 660, ""3-5"": 1520}",{},{},1784988600.0,1784988300.0,1-3-5,True,False,26736.0,True,締切前予想,0.0,-300.0
2026-07-25,武雄,7,078420260725,trio,3連複,1,1-2-4,0.5957837320697934,22.0,1211,True,500,11000.0,10500.0,500,6055.0,False,external holdout ROI target was not met,shadow_bets_20260725.csv,2026-07-25T15:39:24+09:00,1784986800.0,1784986500.0,02f306055c6d5e2aa86381af2f1bff6fb6d903971941dfd9ad4dfe47a943b6cd,daily morning snapshot,2-1-3,3.8,3,1784987545,https://www.winticket.jp/keirin/takeo/racecard/2026072584/1/7,1-2-3,2-1,1-2,2-1,1-2,1-2|1-3|2-3,"{""2-1-3"": 380}","{""1-2-3"": 120}","{""2-1"": 280}","{""1-2"": 110}","{""1-2"": 100, ""1-3"": 150, ""2-3"": 120}",{},{},1784986800.0,1784986500.0,1-2-3,True,False,24936.0,True,締切前予想,0.0,-500.0
2026-07-25,武雄,9,098420260725,exacta,2車単,2,1-2,0.1971065797303946,65.0,1181,True,400,26000.0,25600.0,400,4724.0,False,external holdout ROI target was not met,shadow_bets_20260725.csv,2026-07-25T15:39:24+09:00,1784989200.0,1784988900.0,02f306055c6d5e2aa86381af2f1bff6fb6d903971941dfd9ad4dfe47a943b6cd,daily morning snapshot,1-3-5,30.0,3,1784990305,https://www.winticket.jp/keirin/takeo/racecard/2026072584/1/9,1-3-5,1-3,1-3,1-3,1-3,1-3|1-5|3-5,"{""1-3-5"": 3000}","{""1-3-5"": 740}","{""1-3"": 360}","{""1-3"": 280}","{""1-3"": 110, ""1-5"": 310, ""3-5"": 640}",{},{},1784989200.0,1784988900.0,1-3,True,False,27336.0,True,締切前予想,0.0,-400.0
2026-07-25,武雄,9,098420260725,exacta,2車単,3,1-4,0.1506732380730046,65.0,879,True,300,19500.0,19200.0,300,2637.0,False,external holdout ROI target was not met,shadow_bets_20260725.csv,2026-07-25T15:39:24+09:00,1784989200.0,1784988900.0,02f306055c6d5e2aa86381af2f1bff6fb6d903971941dfd9ad4dfe47a943b6cd,daily morning snapshot,1-3-5,30.0,3,1784990305,https://www.winticket.jp/keirin/takeo/racecard/2026072584/1/9,1-3-5,1-3,1-3,1-3,1-3,1-3|1-5|3-5,"{""1-3-5"": 3000}","{""1-3-5"": 740}","{""1-3"": 360}","{""1-3"": 280}","{""1-3"": 110, ""1-5"": 310, ""3-5"": 640}",{},{},1784989200.0,1784988900.0,1-3,True,False,27336.0,True,締切前予想,0.0,-300.0
2026-07-26,松山,6,067520260726,trifecta,3連単,2,1-2-5,0.0933041803552184,192.9,1700,True,500,96450.0,95950.0,500,8500.0,False,external holdout ROI target was not met,shadow_bets_20260726.csv,2026-07-26T16:47:36+09:00,1785072600.0,1785072300.0,02f306055c6d5e2aa86381af2f1bff6fb6d903971941dfd9ad4dfe47a943b6cd,daily morning snapshot,1-2-3,5.9,3,1785073379,https://www.winticket.jp/keirin/matsuyama/racecard/2026072575/2/6,1-2-3,1-2,1-2,1-2,1-2,1-2|1-3|2-3,"{""1-2-3"": 590}","{""1-2-3"": 450}","{""1-2"": 450}","{""1-2"": 320}","{""1-2"": 150, ""1-3"": 240, ""2-3"": 380}",{},{},1785072600.0,1785072300.0,1-2-3,True,False,20244.0,True,締切前予想,0.0,-500.0
2026-07-26,松山,9,097520260726,quinella_place,ワイド,3,3-4,0.500763235185623,11.0,451,True,200,2200.0,2000.0,200,902.0,False,external holdout ROI target was not met,shadow_bets_20260726.csv,2026-07-26T16:47:36+09:00,1785076200.0,1785075900.0,02f306055c6d5e2aa86381af2f1bff6fb6d903971941dfd9ad4dfe47a943b6cd,daily morning snapshot,3-1-2,13.3,3,1785076909,https://www.winticket.jp/keirin/matsuyama/racecard/2026072575/2/9,1-2-3,3-1,1-3,3-1,1-3,1-2|1-3|2-3,"{""3-1-2"": 1330}","{""1-2-3"": 260}","{""3-1"": 620}","{""1-3"": 250}","{""1-2"": 190, ""1-3"": 150, ""2-3"": 200}",{},{},1785076200.0,1785075900.0,1-2|1-3|2-3,True,False,23844.0,True,締切前予想,0.0,-200.0
2026-07-26,武雄,6,068420260726,trifecta,3連単,2,1-2-3,0.0804807361585215,116.3,836,True,300,34890.0,34590.0,300,2508.0,False,external holdout ROI target was not met,shadow_bets_20260726.csv,2026-07-26T16:47:36+09:00,1785072000.0,1785071700.0,02f306055c6d5e2aa86381af2f1bff6fb6d903971941dfd9ad4dfe47a943b6cd,daily morning snapshot,1-4-2,331.4,3,1785072830,https://www.winticket.jp/keirin/takeo/racecard/2026072584/2/6,1-2-4,1-4,1-4,1-4,1-4,1-2|1-4|2-4,"{""1-4-2"": 33140}","{""1-2-4"": 3470}","{""1-4"": 6340}","{""1-4"": 2860}","{""1-2"": 130, ""1-4"": 810, ""2-4"": 530}",{},{},1785072000.0,1785071700.0,1-4-2,True,False,19644.0,True,締切前予想,0.0,-300.0
2026-07-26,武雄,8,088420260726,quinella,2車複,2,1-3,0.1156832875895622,228.0,2538,True,500,114000.0,113500.0,500,12690.0,False,external holdout ROI target was not met,shadow_bets_20260726.csv,2026-07-26T16:47:36+09:00,1785074400.0,1785074100.0,02f306055c6d5e2aa86381af2f1bff6fb6d903971941dfd9ad4dfe47a943b6cd,daily morning snapshot,1-2-4,3.6,3,1785075219,https://www.winticket.jp/keirin/takeo/racecard/2026072584/2/8,1-2-4,1-2,1-2,1-2,1-2,1-2|1-4|2-4,"{""1-2-4"": 360}","{""1-2-4"": 150}","{""1-2"": 210}","{""1-2"": 110}","{""1-2"": 100, ""1-4"": 150, ""2-4"": 160}",{},{},1785074400.0,1785074100.0,1-2,True,False,22044.0,True,締切前予想,0.0,-500.0
2026-07-26,武雄,8,088420260726,quinella,2車複,3,1-7,0.0844916533676262,228.0,1826,True,500,114000.0,113500.0,500,9130.0,False,external holdout ROI target was not met,shadow_bets_20260726.csv,2026-07-26T16:47:36+09:00,1785074400.0,1785074100.0,02f306055c6d5e2aa86381af2f1bff6fb6d903971941dfd9ad4dfe47a943b6cd,daily morning snapshot,1-2-4,3.6,3,1785075219,https://www.winticket.jp/keirin/takeo/racecard/2026072584/2/8,1-2-4,1-2,1-2,1-2,1-2,1-2|1-4|2-4,"{""1-2-4"": 360}","{""1-2-4"": 150}","{""1-2"": 210}","{""1-2"": 110}","{""1-2"": 100, ""1-4"": 150, ""2-4"": 160}",{},{},1785074400.0,1785074100.0,1-2,True,False,22044.0,True,締切前予想,0.0,-500.0
2026-07-26,武雄,9,098420260726,exacta,2車単,1,1-2,0.4167859217757909,28.7,1096,True,400,11480.0,11080.0,400,4384.0,False,external holdout ROI target was not met,shadow_bets_20260726.csv,2026-07-26T16:47:36+09:00,1785075600.0,1785075300.0,02f306055c6d5e2aa86381af2f1bff6fb6d903971941dfd9ad4dfe47a943b6cd,daily morning snapshot,1-4-5,5.0,3,1785076369,https://www.winticket.jp/keirin/takeo/racecard/2026072584/2/9,1-4-5,1-4,1-4,1-4,1-4,1-4|1-5|4-5,"{""1-4-5"": 500}","{""1-4-5"": 420}","{""1-4"": 190}","{""1-4"": 160}","{""1-4"": 130, ""1-5"": 300, ""4-5"": 430}",{},{},1785075600.0,1785075300.0,1-4,True,False,23244.0,True,締切前予想,0.0,-400.0
2026-07-26,武雄,9,098420260726,exacta,2車単,4,2-1,0.1008645292118209,105.2,961,True,400,42080.0,41680.0,400,3844.0,False,external holdout ROI target was not met,shadow_bets_20260726.csv,2026-07-26T16:47:36+09:00,1785075600.0,1785075300.0,02f306055c6d5e2aa86381af2f1bff6fb6d903971941dfd9ad4dfe47a943b6cd,daily morning snapshot,1-4-5,5.0,3,1785076369,https://www.winticket.jp/keirin/takeo/racecard/2026072584/2/9,1-4-5,1-4,1-4,1-4,1-4,1-4|1-5|4-5,"{""1-4-5"": 500}","{""1-4-5"": 420}","{""1-4"": 190}","{""1-4"": 160}","{""1-4"": 130, ""1-5"": 300, ""4-5"": 430}",{},{},1785075600.0,1785075300.0,1-4,True,False,23244.0,True,締切前予想,0.0,-400.0
2026-07-27,松山,4,047520260727,exacta,2車単,2,5-4,0.1215568731883098,144.7,1659,True,500,72350.0,71850.0,500,8295.0,False,external holdout ROI target was not met,shadow_bets_20260727.csv,2026-07-27T19:58:07+09:00,1785156600.0,1785156300.0,02f306055c6d5e2aa86381af2f1bff6fb6d903971941dfd9ad4dfe47a943b6cd,daily morning snapshot,6-1-4,284.5,3,1785157295,https://www.winticket.jp/keirin/matsuyama/racecard/2026072575/3/4,1-4-6,6-1,1-6,6-1,1-6,1-4|1-6|4-6,"{""6-1-4"": 28450}","{""1-4-6"": 2510}","{""6-1"": 7110}","{""1-6"": 6210}","{""1-4"": 980, ""1-6"": 1140, ""4-6"": 290}",{},{},1785156600.0,1785156300.0,6-1,True,False,6413.0,True,締切前予想,0.0,-500.0
2026-07-27,松山,9,097520260727,quinella_place,ワイド,3,1-6,0.2397495942145813,19.8,375,True,200,3960.0,3760.0,200,750.0,False,external holdout ROI target was not met,shadow_bets_20260727.csv,2026-07-27T19:58:07+09:00,1785162600.0,1785162300.0,02f306055c6d5e2aa86381af2f1bff6fb6d903971941dfd9ad4dfe47a943b6cd,daily morning snapshot,4-7-2,33.9,3,1785163241,https://www.winticket.jp/keirin/matsuyama/racecard/2026072575/3/9,2-4-7,4-7,4-7,4-6,4-6,2-4|2-7|4-7,"{""4-7-2"": 3390}","{""2-4-7"": 1470}","{""4-7"": 740}","{""4-7"": 940}","{""2-4"": 240, ""2-7"": 770, ""4-7"": 260}",{},{},1785162600.0,1785162300.0,2-4|2-7|4-7,True,False,12413.0,True,締切前予想,0.0,-200.0
2026-07-28,取手,6,062320260728,quinella_place,ワイド,1,1-2,0.3302156533527544,12.1,300,True,200,2420.0,2220.0,200,600.0,False,external holdout ROI target was not met,shadow_bets_20260728.csv,2026-07-28T07:43:47+09:00,1785201000.0,1785200700.0,02f306055c6d5e2aa86381af2f1bff6fb6d903971941dfd9ad4dfe47a943b6cd,daily morning snapshot,3-7-2,97.0,3,1785201706,https://www.winticket.jp/keirin/toride/racecard/2026072623/3/6,2-3-7,3-7,3-7,3-6,3-6,2-3|2-7|3-7,"{""3-7-2"": 9700}","{""2-3-7"": 520}","{""3-7"": 2490}","{""3-7"": 260}","{""2-3"": 590, ""2-7"": 210, ""3-7"": 160}",{},{},1785201000.0,1785200700.0,2-3|2-7|3-7,True,False,8473.0,True,締切前予想,0.0,-200.0
2026-07-28,平塚,4,043520260728,trifecta,3連単,4,4-1-2,0.0821465040267244,158.2,1200,True,500,79100.0,78600.0,500,6000.0,False,external holdout ROI target was not met,shadow_bets_20260728.csv,2026-07-28T07:43:47+09:00,1785226680.0,1785226380.0,02f306055c6d5e2aa86381af2f1bff6fb6d903971941dfd9ad4dfe47a943b6cd,daily morning snapshot,1-4-5,8.5,3,1785227372,https://www.winticket.jp/keirin/hiratsuka/racecard/2026072835/1/4,1-4-5,1-4,1-4,1-4,1-4,1-4|1-5|4-5,"{""1-4-5"": 850}","{""1-4-5"": 430}","{""1-4"": 190}","{""1-4"": 130}","{""1-4"": 100, ""1-5"": 320, ""4-5"": 320}",{},{},1785226680.0,1785226380.0,1-4-5,True,False,34153.0,True,締切前予想,0.0,-500.0
2026-07-28,立川,1,012820260728,exacta,2車単,3,1-5,0.1083520751397462,94.1,920,True,400,37640.0,37240.0,400,3680.0,False,external holdout ROI target was not met,shadow_bets_20260728.csv,2026-07-28T07:43:47+09:00,1785203100.0,1785202800.0,02f306055c6d5e2aa86381af2f1bff6fb6d903971941dfd9ad4dfe47a943b6cd,daily morning snapshot,4-5-3,114.9,3,1785203645,https://www.winticket.jp/keirin/tachikawa/racecard/2026072728/2/1,3-4-5,4-5,4-5,4-5,4-5,3-4|3-5|4-5,"{""4-5-3"": 11490}","{""3-4-5"": 2800}","{""4-5"": 2700}","{""4-5"": 2020}","{""3-4"": 440, ""3-5"": 580, ""4-5"": 320}",{},{},1785203100.0,1785202800.0,4-5,True,False,10573.0,True,締切前予想,0.0,-400.0
2026-07-28,立川,1,012820260728,exacta,2車単,4,5-1,0.0773763892422989,125.5,871,True,300,37650.0,37350.0,300,2613.0,False,external holdout ROI target was not met,shadow_bets_20260728.csv,2026-07-28T07:43:47+09:00,1785203100.0,1785202800.0,02f306055c6d5e2aa86381af2f1bff6fb6d903971941dfd9ad4dfe47a943b6cd,daily morning snapshot,4-5-3,114.9,3,1785203645,https://www.winticket.jp/keirin/tachikawa/racecard/2026072728/2/1,3-4-5,4-5,4-5,4-5,4-5,3-4|3-5|4-5,"{""4-5-3"": 11490}","{""3-4-5"": 2800}","{""4-5"": 2700}","{""4-5"": 2020}","{""3-4"": 440, ""3-5"": 580, ""4-5"": 320}",{},{},1785203100.0,1785202800.0,4-5,True,False,10573.0,True,締切前予想,0.0,-300.0
2026-07-28,立川,1,012820260728,quinella_place,ワイド,3,4-5,0.3581227999448001,12.1,333,True,200,2420.0,2220.0,200,666.0,False,external holdout ROI target was not met,shadow_bets_20260728.csv,2026-07-28T07:43:47+09:00,1785203100.0,1785202800.0,02f306055c6d5e2aa86381af2f1bff6fb6d903971941dfd9ad4dfe47a943b6cd,daily morning snapshot,4-5-3,114.9,3,1785203645,https://www.winticket.jp/keirin/tachikawa/racecard/2026072728/2/1,3-4-5,4-5,4-5,4-5,4-5,3-4|3-5|4-5,"{""4-5-3"": 11490}","{""3-4-5"": 2800}","{""4-5"": 2700}","{""4-5"": 2020}","{""3-4"": 440, ""3-5"": 580, ""4-5"": 320}",{},{},1785203100.0,1785202800.0,3-4|3-5|4-5,True,True,10573.0,True,締切前予想,640.0,440.0
2026-07-28,立川,4,042820260728,exacta,2車単,3,2-5,0.0964698590027831,117.0,1029,True,400,46800.0,46400.0,400,4116.0,False,external holdout ROI target was not met,shadow_bets_20260728.csv,2026-07-28T07:43:47+09:00,1785208080.0,1785207780.0,02f306055c6d5e2aa86381af2f1bff6fb6d903971941dfd9ad4dfe47a943b6cd,daily morning snapshot,5-3-4,99.5,3,1785208646,https://www.winticket.jp/keirin/tachikawa/racecard/2026072728/2/4,3-4-5,5-3,3-5,5-3,3-5,3-4|3-5|4-5,"{""5-3-4"": 9950}","{""3-4-5"": 3690}","{""5-3"": 1440}","{""3-5"": 1570}","{""3-4"": 1060, ""3-5"": 370, ""4-5"": 290}",{},{},1785208080.0,1785207780.0,5-3,True,False,15553.0,True,締切前予想,0.0,-400.0
2026-07-28,立川,8,082820260728,exacta,2車単,1,7-5,0.2174899796447581,49.5,977,True,400,19800.0,19400.0,400,3908.0,False,external holdout ROI target was not met,shadow_bets_20260728.csv,2026-07-28T07:43:47+09:00,1785214860.0,1785214560.0,02f306055c6d5e2aa86381af2f1bff6fb6d903971941dfd9ad4dfe47a943b6cd,daily morning snapshot,5-4-7,61.4,3,1785215436,https://www.winticket.jp/keirin/tachikawa/racecard/2026072728/2/8,4-5-7,5-4,4-5,5-4,4-5,4-5|4-7|5-7,"{""5-4-7"": 6140}","{""4-5-7"": 490}","{""5-4"": 2050}","{""4-5"": 1270}","{""4-5"": 190, ""4-7"": 170, ""5-7"": 250}",{},{},1785214860.0,1785214560.0,5-4,True,False,22333.0,True,締切前予想,0.0,-400.0
2026-07-28,立川,9,092820260728,trio,3連複,1,3-5-7,0.1834411593363607,52.5,863,True,300,15750.0,15450.0,300,2589.0,False,external holdout ROI target was not met,shadow_bets_20260728.csv,2026-07-28T07:43:47+09:00,1785216660.0,1785216360.0,02f306055c6d5e2aa86381af2f1bff6fb6d903971941dfd9ad4dfe47a943b6cd,daily morning snapshot,5-4-2,4.1,3,1785217422,https://www.winticket.jp/keirin/tachikawa/racecard/2026072728/2/9,2-4-5,5-4,4-5,5-4,4-5,2-4|2-5|4-5,"{""5-4-2"": 410}","{""2-4-5"": 260}","{""5-4"": 290}","{""4-5"": 200}","{""2-4"": 230, ""2-5"": 210, ""4-5"": 130}",{},{},1785216660.0,1785216360.0,2-4-5,True,False,24133.0,True,締切前予想,0.0,-300.0
2026-07-28,西武園,4,042620260728,exacta,2車単,2,1-2,0.2564341886442742,78.7,1918,True,500,39350.0,38850.0,500,9590.0,False,external holdout ROI target was not met,shadow_bets_20260728.csv,2026-07-28T07:43:47+09:00,1785242400.0,1785242100.0,02f306055c6d5e2aa86381af2f1bff6fb6d903971941dfd9ad4dfe47a943b6cd,daily morning snapshot,2-1-3,1.6,3,1785242912,https://www.winticket.jp/keirin/seibuen/racecard/2026072826/1/4,1-2-3,2-1,1-2,2-1,1-2,1-2|1-3|2-3,"{""2-1-3"": 160}","{""1-2-3"": 130}","{""2-1"": 150}","{""1-2"": 110}","{""1-2"": 100, ""1-3"": 130, ""2-3"": 130}",{},{},1785242400.0,1785242100.0,2-1,True,False,49873.0,True,締切前予想,0.0,-500.0
2026-07-28,西武園,4,042620260728,trifecta,3連単,2,1-2-6,0.1161841879651532,79.5,824,True,300,23850.0,23550.0,300,2472.0,False,external holdout ROI target was not met,shadow_bets_20260728.csv,2026-07-28T07:43:47+09:00,1785242400.0,1785242100.0,02f306055c6d5e2aa86381af2f1bff6fb6d903971941dfd9ad4dfe47a943b6cd,daily morning snapshot,2-1-3,1.6,3,1785242912,https://www.winticket.jp/keirin/seibuen/racecard/2026072826/1/4,1-2-3,2-1,1-2,2-1,1-2,1-2|1-3|2-3,"{""2-1-3"": 160}","{""1-2-3"": 130}","{""2-1"": 150}","{""1-2"": 110}","{""1-2"": 100, ""1-3"": 130, ""2-3"": 130}",{},{},1785242400.0,1785242100.0,2-1-3,True,False,49873.0,True,締切前予想,0.0,-300.0
2026-07-28,西武園,4,042620260728,trifecta,3連単,1,2-1-6,0.2628077581156922,39.7,943,True,400,15880.0,15480.0,400,3772.0,False,external holdout ROI target was not met,shadow_bets_20260728.csv,2026-07-28T07:43:47+09:00,1785242400.0,1785242100.0,02f306055c6d5e2aa86381af2f1bff6fb6d903971941dfd9ad4dfe47a943b6cd,daily morning snapshot,2-1-3,1.6,3,1785242912,https://www.winticket.jp/keirin/seibuen/racecard/2026072826/1/4,1-2-3,2-1,1-2,2-1,1-2,1-2|1-3|2-3,"{""2-1-3"": 160}","{""1-2-3"": 130}","{""2-1"": 150}","{""1-2"": 110}","{""1-2"": 100, ""1-3"": 130, ""2-3"": 130}",{},{},1785242400.0,1785242100.0,2-1-3,True,False,49873.0,True,締切前予想,0.0,-400.0
2026-07-28,豊橋,1,014520260728,quinella_place,ワイド,2,1-2,0.6808961904617536,6.1,315,True,200,1220.0,1020.0,200,630.0,False,external holdout ROI target was not met,shadow_bets_20260728.csv,2026-07-28T07:43:47+09:00,1785203880.0,1785203580.0,02f306055c6d5e2aa86381af2f1bff6fb6d903971941dfd9ad4dfe47a943b6cd,daily morning snapshot,6-1-2,36.4,3,1785204517,https://www.winticket.jp/keirin/toyohashi/racecard/2026072545/4/1,1-2-6,6-1,1-6,6-1,1-6,1-2|1-6|2-6,"{""6-1-2"": 3640}","{""1-2-6"": 380}","{""6-1"": 740}","{""1-6"": 260}","{""1-2"": 150, ""1-6"": 170, ""2-6"": 200}",{},{},1785203880.0,1785203580.0,1-2|1-6|2-6,True,True,11353.0,True,締切前予想,300.0,100.0
2026-07-29,平塚,1,013520260729,trifecta,3連単,1,3-1-2,0.2326807152068649,53.8,1152,True,400,21520.0,21120.0,400,4608.0,False,external holdout ROI target was not met,shadow_bets_20260729.csv,2026-07-29T07:43:28+09:00,1785308340.0,1785308040.0,02f306055c6d5e2aa86381af2f1bff6fb6d903971941dfd9ad4dfe47a943b6cd,daily morning snapshot,1-3-5,26.7,3,1785309014,https://www.winticket.jp/keirin/hiratsuka/racecard/2026072835/2/1,1-3-5,1-3,1-3,1-3,1-3,1-3|1-5|3-5,"{""1-3-5"": 2670}","{""1-3-5"": 870}","{""1-3"": 370}","{""1-3"": 160}","{""1-3"": 100, ""1-5"": 690, ""3-5"": 380}",{},{},1785308340.0,1785308040.0,1-3-5,True,False,29432.0,True,締切前予想,0.0,-400.0
2026-07-29,平塚,8,083520260729,trifecta,3連単,3,2-5-7,0.0791428415389014,161.2,1176,True,400,64480.0,64080.0,400,4704.0,False,external holdout ROI target was not met,shadow_bets_20260729.csv,2026-07-29T07:43:28+09:00,1785318960.0,1785318660.0,02f306055c6d5e2aa86381af2f1bff6fb6d903971941dfd9ad4dfe47a943b6cd,daily morning snapshot,2-7-6,5.5,3,1785319545,https://www.winticket.jp/keirin/hiratsuka/racecard/2026072835/2/8,2-6-7,2-7,2-7,2-6,2-6,2-6|2-7|6-7,"{""2-7-6"": 550}","{""2-6-7"": 270}","{""2-7"": 230}","{""2-7"": 140}","{""2-6"": 220, ""2-7"": 110, ""6-7"": 330}",{},{},1785318960.0,1785318660.0,2-7-6,True,False,40052.0,True,締切前予想,0.0,-400.0
2026-07-29,立川,9,092820260729,quinella_place,ワイド,5,1-2,0.1816566190930505,22.0,300,True,200,4400.0,4200.0,200,600.0,False,external holdout ROI target was not met,shadow_bets_20260729.csv,2026-07-29T07:43:28+09:00,1785303540.0,1785303240.0,02f306055c6d5e2aa86381af2f1bff6fb6d903971941dfd9ad4dfe47a943b6cd,daily morning snapshot,1-5-4,4.0,3,1785304184,https://www.winticket.jp/keirin/tachikawa/racecard/2026072728/3/9,1-4-5,1-5,1-5,1-5,1-5,1-4|1-5|4-5,"{""1-5-4"": 400}","{""1-4-5"": 100}","{""1-5"": 440}","{""1-5"": 340}","{""1-4"": 100, ""1-5"": 100, ""4-5"": 100}",{},{},1785303540.0,1785303240.0,1-4|1-5|4-5,True,False,24632.0,True,締切前予想,0.0,-200.0
2026-07-29,西武園,9,092620260729,trifecta,3連単,2,2-1-7,0.0896033046519209,117.7,955,True,400,47080.0,46680.0,400,3820.0,False,external holdout ROI target was not met,shadow_bets_20260729.csv,2026-07-29T07:43:28+09:00,1785334800.0,1785334500.0,02f306055c6d5e2aa86381af2f1bff6fb6d903971941dfd9ad4dfe47a943b6cd,daily morning snapshot,1-2-3,6.3,3,1785335345,https://www.winticket.jp/keirin/seibuen/racecard/2026072826/2/9,1-2-3,1-2,1-2,1-2,1-2,1-2|1-3|2-3,"{""1-2-3"": 630}","{""1-2-3"": 300}","{""1-2"": 210}","{""1-2"": 160}","{""1-2"": 110, ""1-3"": 180, ""2-3"": 260}",{},{},1785334800.0,1785334500.0,1-2-3,True,False,55892.0,True,締切前予想,0.0,-400.0
2026-07-30,和歌山,2,025520260730,exacta,2車単,3,5-2,0.1364064867440184,69.0,841,True,300,20700.0,20400.0,300,2523.0,False,external holdout ROI target was not met,shadow_bets_20260730.csv,2026-07-30T07:40:07+09:00,1785377520.0,1785377220.0,02f306055c6d5e2aa86381af2f1bff6fb6d903971941dfd9ad4dfe47a943b6cd,daily morning snapshot,2-3-5,79.3,3,1785378377,https://www.winticket.jp/keirin/wakayama/racecard/2026072955/2/2,2-3-5,2-3,2-3,2-3,2-3,2-3|2-5|3-5,"{""2-3-5"": 7930}","{""2-3-5"": 1970}","{""2-3"": 2190}","{""2-3"": 1660}","{""2-3"": 280, ""2-5"": 150, ""3-5"": 650}",{},{},1785377520.0,1785377220.0,2-3,True,False,12413.0,True,締切前予想,0.0,-300.0
2026-07-30,和歌山,5,055520260730,exacta,2車単,2,1-7,0.2457162806005693,69.7,1613,True,500,34850.0,34350.0,500,8065.0,False,external holdout ROI target was not met,shadow_bets_20260730.csv,2026-07-30T07:40:07+09:00,1785382620.0,1785382320.0,02f306055c6d5e2aa86381af2f1bff6fb6d903971941dfd9ad4dfe47a943b6cd,daily morning snapshot,7-1-5,23.4,3,1785383378,https://www.winticket.jp/keirin/wakayama/racecard/2026072955/2/5,1-5-7,7-1,1-7,6-1,1-6,1-5|1-7|5-7,"{""7-1-5"": 2340}","{""1-5-7"": 1060}","{""7-1"": 380}","{""1-7"": 280}","{""1-5"": 420, ""1-7"": 140, ""5-7"": 390}",{},{},1785382620.0,1785382320.0,7-1,True,False,17513.0,True,締切前予想,0.0,-500.0
2026-07-30,岐阜,4,044320260730,exacta,2車単,1,3-4,0.2854133857135159,122.2,3388,True,500,61100.0,60600.0,500,16940.0,False,external holdout ROI target was not met,shadow_bets_20260730.csv,2026-07-30T07:40:07+09:00,1785381720.0,1785381420.0,02f306055c6d5e2aa86381af2f1bff6fb6d903971941dfd9ad4dfe47a943b6cd,daily morning snapshot,3-5-1,5.3,3,1785382428,https://www.winticket.jp/keirin/gifu/racecard/2026073043/1/4,1-3-5,3-5,3-5,3-5,3-5,1-3|1-5|3-5,"{""3-5-1"": 530}","{""1-3-5"": 370}","{""3-5"": 150}","{""3-5"": 120}","{""1-3"": 170, ""1-5"": 380, ""3-5"": 120}",{},{},1785381720.0,1785381420.0,3-5,True,False,16613.0,True,締切前予想,0.0,-500.0
2026-07-30,岐阜,5,054320260730,quinella_place,ワイド,1,1-3,0.3867045739618235,13.0,403,True,200,2600.0,2400.0,200,806.0,False,external holdout ROI target was not met,shadow_bets_20260730.csv,2026-07-30T07:40:07+09:00,1785383520.0,1785383220.0,02f306055c6d5e2aa86381af2f1bff6fb6d903971941dfd9ad4dfe47a943b6cd,daily morning snapshot,4-5-3,37.4,3,1785384458,https://www.winticket.jp/keirin/gifu/racecard/2026073043/1/5,3-4-5,4-5,4-5,4-5,4-5,3-4|3-5|4-5,"{""4-5-3"": 3740}","{""3-4-5"": 1230}","{""4-5"": 1090}","{""4-5"": 840}","{""3-4"": 190, ""3-5"": 860, ""4-5"": 310}",{},{},1785383520.0,1785383220.0,3-4|3-5|4-5,True,False,18413.0,True,締切前予想,0.0,-200.0
2026-07-30,弥彦,2,022120260730,trifecta,3連単,2,2-1-5,0.0788017066633145,155.6,1126,True,400,62240.0,61840.0,400,4504.0,False,external holdout ROI target was not met,shadow_bets_20260730.csv,2026-07-30T07:40:07+09:00,1785395220.0,1785394920.0,02f306055c6d5e2aa86381af2f1bff6fb6d903971941dfd9ad4dfe47a943b6cd,daily morning snapshot,1-4-5,12.2,3,1785395826,https://www.winticket.jp/keirin/yahiko/racecard/2026073021/1/2,1-4-5,1-4,1-4,1-4,1-4,1-4|1-5|4-5,"{""1-4-5"": 1220}","{""1-4-5"": 420}","{""1-4"": 340}","{""1-4"": 220}","{""1-4"": 160, ""1-5"": 230, ""4-5"": 340}",{},{},1785395220.0,1785394920.0,1-4-5,True,False,30113.0,True,締切前予想,0.0,-400.0
2026-07-30,弥彦,11,112120260730,trifecta,3連単,3,2-4-5,0.0891677369796644,123.3,999,True,400,49320.0,48920.0,400,3996.0,False,external holdout ROI target was not met,shadow_bets_20260730.csv,2026-07-30T07:40:07+09:00,1785409320.0,1785409020.0,02f306055c6d5e2aa86381af2f1bff6fb6d903971941dfd9ad4dfe47a943b6cd,daily morning snapshot,2-5-7,2.3,3,1785409964,https://www.winticket.jp/keirin/yahiko/racecard/2026073021/1/11,2-5-7,2-5,2-5,2-5,2-5,2-5|2-7|5-7,"{""2-5-7"": 230}","{""2-5-7"": 160}","{""2-5"": 150}","{""2-5"": 140}","{""2-5"": 100, ""2-7"": 150, ""5-7"": 130}",{},{},1785409320.0,1785409020.0,2-5-7,True,False,44213.0,True,締切前予想,0.0,-400.0
2026-07-30,青森,5,051220260730,quinella_place,ワイド,1,1-2,0.2746068084112409,25.5,600,True,300,7650.0,7350.0,300,1800.0,False,external holdout ROI target was not met,shadow_bets_20260730.csv,2026-07-30T07:40:07+09:00,1785372780.0,1785372480.0,02f306055c6d5e2aa86381af2f1bff6fb6d903971941dfd9ad4dfe47a943b6cd,daily morning snapshot,5-1-3,1.4,3,1785373312,https://www.winticket.jp/keirin/aomori/racecard/2026073012/1/5,1-3-5,5-1,1-5,5-1,1-5,1-3|1-5|3-5,"{""5-1-3"": 140}","{""1-3-5"": 120}","{""5-1"": 120}","{""1-5"": 120}","{""1-3"": 120, ""1-5"": 100, ""3-5"": 110}",{},{},1785372780.0,1785372480.0,1-3|1-5|3-5,True,False,7673.0,True,締切前予想,0.0,-300.0
2026-07-31,京王閣,1,012720260731,trifecta,3連単,3,1-2-3,0.1058572213650673,189.0,1901,True,500,94500.0,94000.0,500,9505.0,False,external holdout ROI target was not met,shadow_bets_20260731.csv,2026-07-31T07:47:57+09:00,1785498540.0,1785498240.0,02f306055c6d5e2aa86381af2f1bff6fb6d903971941dfd9ad4dfe47a943b6cd,daily morning snapshot,3-2-1,12.0,3,1785499160,https://www.winticket.jp/keirin/keiokaku/racecard/2026073127/1/1,1-2-3,3-2,2-3,3-2,2-3,1-2|1-3|2-3,"{""3-2-1"": 1200}","{""1-2-3"": 250}","{""3-2"": 360}","{""2-3"": 130}","{""1-2"": 130, ""1-3"": 200, ""2-3"": 130}",{},{},1785498540.0,1785498240.0,3-2-1,True,False,46563.0,True,締切前予想,0.0,-500.0
2026-07-31,京王閣,1,012720260731,trifecta,3連単,5,1-3-2,0.0748382351592724,189.0,1314,True,500,94500.0,94000.0,500,6570.0,False,external holdout ROI target was not met,shadow_bets_20260731.csv,2026-07-31T07:47:57+09:00,1785498540.0,1785498240.0,02f306055c6d5e2aa86381af2f1bff6fb6d903971941dfd9ad4dfe47a943b6cd,daily morning snapshot,3-2-1,12.0,3,1785499160,https://www.winticket.jp/keirin/keiokaku/racecard/2026073127/1/1,1-2-3,3-2,2-3,3-2,2-3,1-2|1-3|2-3,"{""3-2-1"": 1200}","{""1-2-3"": 250}","{""3-2"": 360}","{""2-3"": 130}","{""1-2"": 130, ""1-3"": 200, ""2-3"": 130}",{},{},1785498540.0,1785498240.0,3-2-1,True,False,46563.0,True,締切前予想,0.0,-500.0
2026-07-31,佐世保,3,038520260731,exacta,2車単,2,5-2,0.2135977587331681,42.7,812,True,300,12810.0,12510.0,300,2436.0,False,external holdout ROI target was not met,shadow_bets_20260731.csv,2026-07-31T07:47:57+09:00,1785465240.0,1785464940.0,02f306055c6d5e2aa86381af2f1bff6fb6d903971941dfd9ad4dfe47a943b6cd,daily morning snapshot,1-5-2,7.1,3,1785465994,https://www.winticket.jp/keirin/sasebo/racecard/2026073185/1/3,1-2-5,1-5,1-5,1-5,1-5,1-2|1-5|2-5,"{""1-5-2"": 710}","{""1-2-5"": 240}","{""1-5"": 270}","{""1-5"": 140}","{""1-2"": 180, ""1-5"": 110, ""2-5"": 130}",{},{},1785465240.0,1785464940.0,1-5,True,False,13263.0,True,締切前予想,0.0,-300.0
2026-07-31,佐世保,8,088520260731,quinella_place,ワイド,1,2-3,0.6478190203898263,6.2,302,True,200,1240.0,1040.0,200,604.0,False,external holdout ROI target was not met,shadow_bets_20260731.csv,2026-07-31T07:47:57+09:00,1785473580.0,1785473280.0,02f306055c6d5e2aa86381af2f1bff6fb6d903971941dfd9ad4dfe47a943b6cd,daily morning snapshot,1-7-2,672.4,3,1785474523,https://www.winticket.jp/keirin/sasebo/racecard/2026073185/1/8,1-2-7,1-7,1-7,1-6,1-6,1-2|1-7|2-7,"{""1-7-2"": 67240}","{""1-2-7"": 3230}","{""1-7"": 16740}","{""1-7"": 8220}","{""1-2"": 1240, ""1-7"": 1610, ""2-7"": 320}",{},{},1785473580.0,1785473280.0,1-2|1-7|2-7,True,False,21603.0,True,締切前予想,0.0,-200.0
2026-07-31,佐世保,11,118520260731,quinella_place,ワイド,6,3-6,0.1314834015827137,33.0,334,True,200,6600.0,6400.0,200,668.0,False,external holdout ROI target was not met,shadow_bets_20260731.csv,2026-07-31T07:47:57+09:00,1785479100.0,1785478800.0,02f306055c6d5e2aa86381af2f1bff6fb6d903971941dfd9ad4dfe47a943b6cd,daily morning snapshot,4-3-1,77.3,3,1785479904,https://www.winticket.jp/keirin/sasebo/racecard/2026073185/1/11,1-3-4,4-3,3-4,4-3,3-4,1-3|1-4|3-4,"{""4-3-1"": 7730}","{""1-3-4"": 270}","{""4-3"": 4470}","{""3-4"": 1430}","{""1-3"": 150, ""1-4"": 110, ""3-4"": 140}",{},{},1785479100.0,1785478800.0,1-3|1-4|3-4,True,False,27123.0,True,締切前予想,0.0,-200.0
2026-07-31,岐阜,4,044320260731,trifecta,3連単,1,5-1-2,0.3257743233422026,34.6,1027,True,400,13840.0,13440.0,400,4108.0,False,external holdout ROI target was not met,shadow_bets_20260731.csv,2026-07-31T07:47:57+09:00,1785467940.0,1785467640.0,02f306055c6d5e2aa86381af2f1bff6fb6d903971941dfd9ad4dfe47a943b6cd,daily morning snapshot,5-2-7,2.3,3,1785468588,https://www.winticket.jp/keirin/gifu/racecard/2026073043/2/4,2-5-7,5-2,2-5,5-2,2-5,2-5|2-7|5-7,"{""5-2-7"": 230}","{""2-5-7"": 190}","{""5-2"": 160}","{""2-5"": 110}","{""2-5"": 110, ""2-7"": 180, ""5-7"": 170}",{},{},1785467940.0,1785467640.0,5-2-7,True,False,15963.0,True,締切前予想,0.0,-400.0
2026-07-31,岐阜,10,104320260731,trifecta,3連単,1,2-7-4,0.0779692977156631,218.2,1601,True,500,109100.0,108600.0,500,8005.0,False,external holdout ROI target was not met,shadow_bets_20260731.csv,2026-07-31T07:47:57+09:00,1785478380.0,1785478080.0,02f306055c6d5e2aa86381af2f1bff6fb6d903971941dfd9ad4dfe47a943b6cd,daily morning snapshot,7-4-2,9.0,3,1785479003,https://www.winticket.jp/keirin/gifu/racecard/2026073043/2/10,2-4-7,7-4,4-7,6-4,4-6,2-4|2-7|4-7,"{""7-4-2"": 900}","{""2-4-7"": 310}","{""7-4"": 370}","{""4-7"": 230}","{""2-4"": 130, ""2-7"": 220, ""4-7"": 150}",{},{},1785478380.0,1785478080.0,7-4-2,True,False,26403.0,True,締切前予想,0.0,-500.0
2026-07-31,武雄,7,078420260731,exacta,2車単,3,1-4,0.2065989569436689,67.5,1295,True,500,33750.0,33250.0,500,6475.0,False,external holdout ROI target was not met,shadow_bets_20260731.csv,2026-07-31T07:47:57+09:00,1785508200.0,1785507900.0,02f306055c6d5e2aa86381af2f1bff6fb6d903971941dfd9ad4dfe47a943b6cd,daily morning snapshot,1-7-5,27.0,3,1785509095,https://www.winticket.jp/keirin/takeo/racecard/2026073184/1/7,1-5-7,1-7,1-7,1-6,1-6,1-5|1-7|5-7,"{""1-7-5"": 2700}","{""1-5-7"": 1610}","{""1-7"": 800}","{""1-7"": 1150}","{""1-5"": 300, ""1-7"": 180, ""5-7"": 2050}",{},{},1785508200.0,1785507900.0,1-7,True,False,56223.0,True,締切前予想,0.0,-500.0
2026-07-31,青森,5,051220260731,exacta,2車単,2,4-7,0.1409589130817884,105.1,1381,True,500,52550.0,52050.0,500,6905.0,False,external holdout ROI target was not met,shadow_bets_20260731.csv,2026-07-31T07:47:57+09:00,1785459000.0,1785458700.0,02f306055c6d5e2aa86381af2f1bff6fb6d903971941dfd9ad4dfe47a943b6cd,daily morning snapshot,4-2-5,1.3,3,1785459543,https://www.winticket.jp/keirin/aomori/racecard/2026073012/2/5,2-4-5,4-2,2-4,4-2,2-4,2-4|2-5|4-5,"{""4-2-5"": 130}","{""2-4-5"": 120}","{""4-2"": 100}","{""2-4"": 100}","{""2-4"": 100, ""2-5"": 110, ""4-5"": 110}",{},{},1785459000.0,1785458700.0,4-2,True,False,7023.0,True,締切前予想,0.0,-500.0
2026-07-31,青森,5,051220260731,quinella_place,ワイド,2,2-7,0.4226119111172478,12.3,420,True,200,2460.0,2260.0,200,840.0,False,external holdout ROI target was not met,shadow_bets_20260731.csv,2026-07-31T07:47:57+09:00,1785459000.0,1785458700.0,02f306055c6d5e2aa86381af2f1bff6fb6d903971941dfd9ad4dfe47a943b6cd,daily morning snapshot,4-2-5,1.3,3,1785459543,https://www.winticket.jp/keirin/aomori/racecard/2026073012/2/5,2-4-5,4-2,2-4,4-2,2-4,2-4|2-5|4-5,"{""4-2-5"": 130}","{""2-4-5"": 120}","{""4-2"": 100}","{""2-4"": 100}","{""2-4"": 100, ""2-5"": 110, ""4-5"": 110}",{},{},1785459000.0,1785458700.0,2-4|2-5|4-5,True,False,7023.0,True,締切前予想,0.0,-200.0
2026-08-01,いわき平,1,011320260801,quinella_place,ワイド,3,5-7,0.6485559201699986,8.5,451,True,200,1700.0,1500.0,200,902.0,False,external holdout ROI target was not met,shadow_bets_20260801.csv,2026-08-01T07:43:40+09:00,1785567000.0,1785566700.0,02f306055c6d5e2aa86381af2f1bff6fb6d903971941dfd9ad4dfe47a943b6cd,daily morning snapshot,1-4-7,12.6,3,1785567716,https://www.winticket.jp/keirin/iwakidaira/racecard/2026073113/2/1,1-4-7,1-4,1-4,1-4,1-4,1-4|1-7|4-7,"{""1-4-7"": 1260}","{""1-4-7"": 300}","{""1-4"": 880}","{""1-4"": 650}","{""1-4"": 170, ""1-7"": 130, ""4-7"": 270}",{},{},1785567000.0,1785566700.0,1-4|1-7|4-7,True,False,28880.0,True,締切前予想,0.0,-200.0
2026-08-01,佐世保,5,058520260801,quinella_place,ワイド,4,4-6,0.1646314090695494,87.5,1341,True,500,43750.0,43250.0,500,6705.0,False,external holdout ROI target was not met,shadow_bets_20260801.csv,2026-08-01T07:43:40+09:00,1785554880.0,1785554580.0,02f306055c6d5e2aa86381af2f1bff6fb6d903971941dfd9ad4dfe47a943b6cd,daily morning snapshot,3-7-4,1185.2,3,1785555718,https://www.winticket.jp/keirin/sasebo/racecard/2026073185/2/5,3-4-7,3-7,3-7,3-6,3-6,3-4|3-7|4-7,"{""3-7-4"": 118520}","{""3-4-7"": 7510}","{""3-7"": 11990}","{""3-7"": 2730}","{""3-4"": 2450, ""3-7"": 470, ""4-7"": 480}",{},{},1785554880.0,1785554580.0,3-4|3-7|4-7,True,False,16760.0,True,締切前予想,0.0,-500.0
2026-08-01,佐世保,9,098520260801,quinella_place,ワイド,3,4-5,0.3084082980339266,15.2,369,True,200,3040.0,2840.0,200,738.0,False,external holdout ROI target was not met,shadow_bets_20260801.csv,2026-08-01T07:43:40+09:00,1785561780.0,1785561480.0,02f306055c6d5e2aa86381af2f1bff6fb6d903971941dfd9ad4dfe47a943b6cd,daily morning snapshot,5-1-4,160.3,3,1785562665,https://www.winticket.jp/keirin/sasebo/racecard/2026073185/2/9,1-4-5,5-1,1-5,5-1,1-5,1-4|1-5|4-5,"{""5-1-4"": 16030}","{""1-4-5"": 1800}","{""5-1"": 4110}","{""1-5"": 3880}","{""1-4"": 340, ""1-5"": 460, ""4-5"": 380}",{},{},1785561780.0,1785561480.0,1-4|1-5|4-5,True,True,23660.0,True,締切前予想,760.0,560.0
2026-08-01,小田原,7,073620260801,quinella,2車複,2,2-3,0.2104438082289502,191.4,3928,True,500,95700.0,95200.0,500,19640.0,False,external holdout ROI target was not met,shadow_bets_20260801.csv,2026-08-01T07:43:40+09:00,1785558780.0,1785558480.0,02f306055c6d5e2aa86381af2f1bff6fb6d903971941dfd9ad4dfe47a943b6cd,daily morning snapshot,7-2-1,19.4,3,1785559665,https://www.winticket.jp/keirin/odawara/racecard/2026080136/1/7,1-2-7,7-2,2-7,5-2,2-5,1-2|1-7|2-7,"{""7-2-1"": 1940}","{""1-2-7"": 1020}","{""7-2"": 200}","{""2-7"": 110}","{""1-2"": 600, ""1-7"": 510, ""2-7"": 100}","{""5-2"": 210}","{""2-5"": 120}",1785558780.0,1785558480.0,2-7,True,False,20660.0,True,締切前予想,0.0,-500.0
2026-08-01,小田原,7,073620260801,quinella_place,ワイド,2,2-3,0.5554657898355909,8.3,361,True,200,1660.0,1460.0,200,722.0,False,external holdout ROI target was not met,shadow_bets_20260801.csv,2026-08-01T07:43:40+09:00,1785558780.0,1785558480.0,02f306055c6d5e2aa86381af2f1bff6fb6d903971941dfd9ad4dfe47a943b6cd,daily morning snapshot,7-2-1,19.4,3,1785559665,https://www.winticket.jp/keirin/odawara/racecard/2026080136/1/7,1-2-7,7-2,2-7,5-2,2-5,1-2|1-7|2-7,"{""7-2-1"": 1940}","{""1-2-7"": 1020}","{""7-2"": 200}","{""2-7"": 110}","{""1-2"": 600, ""1-7"": 510, ""2-7"": 100}","{""5-2"": 210}","{""2-5"": 120}",1785558780.0,1785558480.0,1-2|1-7|2-7,True,False,20660.0,True,締切前予想,0.0,-200.0
2026-08-01,小田原,7,073620260801,trifecta,3連単,3,2-3-7,0.0892266791072493,180.0,1506,True,500,90000.0,89500.0,500,7530.0,False,external holdout ROI target was not met,shadow_bets_20260801.csv,2026-08-01T07:43:40+09:00,1785558780.0,1785558480.0,02f306055c6d5e2aa86381af2f1bff6fb6d903971941dfd9ad4dfe47a943b6cd,daily morning snapshot,7-2-1,19.4,3,1785559665,https://www.winticket.jp/keirin/odawara/racecard/2026080136/1/7,1-2-7,7-2,2-7,5-2,2-5,1-2|1-7|2-7,"{""7-2-1"": 1940}","{""1-2-7"": 1020}","{""7-2"": 200}","{""2-7"": 110}","{""1-2"": 600, ""1-7"": 510, ""2-7"": 100}","{""5-2"": 210}","{""2-5"": 120}",1785558780.0,1785558480.0,7-2-1,True,False,20660.0,True,締切前予想,0.0,-500.0
2026-08-01,岐阜,6,064320260801,quinella_place,ワイド,5,2-5,0.1159484791796756,38.5,346,True,200,7700.0,7500.0,200,692.0,False,external holdout ROI target was not met,shadow_bets_20260801.csv,2026-08-01T07:43:40+09:00,1785557580.0,1785557280.0,02f306055c6d5e2aa86381af2f1bff6fb6d903971941dfd9ad4dfe47a943b6cd,daily morning snapshot,2-1-6,8.4,3,1785558644,https://www.winticket.jp/keirin/gifu/racecard/2026073043/3/6,1-2-6,2-1,1-2,2-1,1-2,1-2|1-6|2-6,"{""2-1-6"": 840}","{""1-2-6"": 210}","{""2-1"": 490}","{""1-2"": 240}","{""1-2"": 100, ""1-6"": 160, ""2-6"": 130}",{},{},1785557580.0,1785557280.0,1-2|1-6|2-6,True,False,19460.0,True,締切前予想,0.0,-200.0
2026-08-01,弥彦,2,022120260801,trifecta,3連単,2,5-7-3,0.1083441757532114,89.6,871,True,300,26880.0,26580.0,300,2613.0,False,external holdout ROI target was not met,shadow_bets_20260801.csv,2026-08-01T07:43:40+09:00,1785569160.0,1785568860.0,02f306055c6d5e2aa86381af2f1bff6fb6d903971941dfd9ad4dfe47a943b6cd,daily morning snapshot,7-5-1,42.7,3,1785569814,https://www.winticket.jp/keirin/yahiko/racecard/2026073021/3/2,1-5-7,7-5,5-7,6-5,5-6,1-5|1-7|5-7,"{""7-5-1"": 4270}","{""1-5-7"": 680}","{""7-5"": 960}","{""5-7"": 300}","{""1-5"": 340, ""1-7"": 400, ""5-7"": 140}",{},{},1785569160.0,1785568860.0,7-5-1,True,False,31040.0,True,締切前予想,0.0,-300.0
2026-08-01,武雄,2,028420260801,exacta,2車単,3,1-4,0.1006182767813618,156.0,1470,True,500,78000.0,77500.0,500,7350.0,False,external holdout ROI target was not met,shadow_bets_20260801.csv,2026-08-01T07:43:40+09:00,1785586860.0,1785586560.0,02f306055c6d5e2aa86381af2f1bff6fb6d903971941dfd9ad4dfe47a943b6cd,daily morning snapshot,1-2-5,7.5,3,1785587871,https://www.winticket.jp/keirin/takeo/racecard/2026073184/2/2,1-2-5,1-2,1-2,1-2,1-2,1-2|1-5|2-5,"{""1-2-5"": 750}","{""1-2-5"": 610}","{""1-2"": 120}","{""1-2"": 100}","{""1-2"": 100, ""1-5"": 300, ""2-5"": 580}",{},{},1785586860.0,1785586560.0,1-2,True,False,48740.0,True,締切前予想,0.0,-500.0
2026-08-01,武雄,2,028420260801,exacta,2車単,2,2-1,0.1290851118556529,78.0,907,True,400,31200.0,30800.0,400,3628.0,False,external holdout ROI target was not met,shadow_bets_20260801.csv,2026-08-01T07:43:40+09:00,1785586860.0,1785586560.0,02f306055c6d5e2aa86381af2f1bff6fb6d903971941dfd9ad4dfe47a943b6cd,daily morning snapshot,1-2-5,7.5,3,1785587871,https://www.winticket.jp/keirin/takeo/racecard/2026073184/2/2,1-2-5,1-2,1-2,1-2,1-2,1-2|1-5|2-5,"{""1-2-5"": 750}","{""1-2-5"": 610}","{""1-2"": 120}","{""1-2"": 100}","{""1-2"": 100, ""1-5"": 300, ""2-5"": 580}",{},{},1785586860.0,1785586560.0,1-2,True,False,48740.0,True,締切前予想,0.0,-400.0
2026-08-01,防府,4,046320260801,quinella_place,ワイド,2,2-3,0.4747099285229029,11.2,432,True,200,2240.0,2040.0,200,864.0,False,external holdout ROI target was not met,shadow_bets_20260801.csv,2026-08-01T07:43:40+09:00,1785544800.0,1785544500.0,02f306055c6d5e2aa86381af2f1bff6fb6d903971941dfd9ad4dfe47a943b6cd,daily morning snapshot,2-7-4,37.7,3,1785545458,https://www.winticket.jp/keirin/hofu/racecard/2026073163/2/4,2-4-7,2-7,2-7,2-6,2-6,2-4|2-7|4-7,"{""2-7-4"": 3770}","{""2-4-7"": 1220}","{""2-7"": 190}","{""2-7"": 140}","{""2-4"": 310, ""2-7"": 100, ""4-7"": 960}",{},{},1785544800.0,1785544500.0,2-4|2-7|4-7,True,False,6680.0,True,締切前予想,0.0,-200.0
2026-08-02,いわき平,8,081320260802,trifecta,3連単,2,7-4-3,0.1088127045904078,83.4,807,True,300,25020.0,24720.0,300,2421.0,False,external holdout ROI target was not met,shadow_bets_20260802.csv,2026-08-02T07:37:43+09:00,1785663960.0,1785663660.0,02f306055c6d5e2aa86381af2f1bff6fb6d903971941dfd9ad4dfe47a943b6cd,daily morning snapshot,5-6-4,333.0,3,1785664736,https://www.winticket.jp/keirin/iwakidaira/racecard/2026073113/3/8,4-5-6,5-6,5-6,5-6,5-6,4-5|4-6|5-6,"{""5-6-4"": 33300}","{""4-5-6"": 4840}","{""5-6"": 7380}","{""5-6"": 6450}","{""4-5"": 820, ""4-6"": 560, ""5-6"": 1280}",{},{},1785663960.0,1785663660.0,5-6-4,True,False,39797.0,True,締切前予想,0.0,-300.0
2026-08-02,いわき平,10,101320260802,exacta,2車単,2,4-7,0.1316206067836408,97.5,1183,True,400,39000.0,38600.0,400,4732.0,False,external holdout ROI target was not met,shadow_bets_20260802.csv,2026-08-02T07:37:43+09:00,1785667080.0,1785666780.0,02f306055c6d5e2aa86381af2f1bff6fb6d903971941dfd9ad4dfe47a943b6cd,daily morning snapshot,2-5-4,19.0,3,1785667950,https://www.winticket.jp/keirin/iwakidaira/racecard/2026073113/3/10,2-4-5,2-5,2-5,2-5,2-5,2-4|2-5|4-5,"{""2-5-4"": 1900}","{""2-4-5"": 820}","{""2-5"": 910}","{""2-5"": 670}","{""2-4"": 280, ""2-5"": 280, ""4-5"": 410}",{},{},1785667080.0,1785666780.0,2-5,True,False,42917.0,True,締切前予想,0.0,-400.0
2026-08-02,京王閣,3,032720260802,trifecta,3連単,1,1-3-5,0.0792127990124677,118.5,839,True,300,35550.0,35250.0,300,2517.0,False,external holdout ROI target was not met,shadow_bets_20260802.csv,2026-08-02T07:37:43+09:00,1785674220.0,1785673920.0,02f306055c6d5e2aa86381af2f1bff6fb6d903971941dfd9ad4dfe47a943b6cd,daily morning snapshot,4-1-5,40.2,3,1785674835,https://www.winticket.jp/keirin/keiokaku/racecard/2026073127/3/3,1-4-5,4-1,1-4,4-1,1-4,1-4|1-5|4-5,"{""4-1-5"": 4020}","{""1-4-5"": 1270}","{""4-1"": 1510}","{""1-4"": 720}","{""1-4"": 320, ""1-5"": 250, ""4-5"": 400}",{},{},1785674220.0,1785673920.0,4-1-5,True,False,50057.0,True,締切前予想,0.0,-300.0
2026-08-02,佐世保,2,028520260802,quinella_place,ワイド,2,2-4,0.6527048726773279,10.2,566,True,200,2040.0,1840.0,200,1132.0,False,external holdout ROI target was not met,shadow_bets_20260802.csv,2026-08-02T07:37:43+09:00,1785636720.0,1785636420.0,02f306055c6d5e2aa86381af2f1bff6fb6d903971941dfd9ad4dfe47a943b6cd,daily morning snapshot,1-3-2,115.0,3,1785637649,https://www.winticket.jp/keirin/sasebo/racecard/2026073185/3/2,1-2-3,1-3,1-3,1-3,1-3,1-2|1-3|2-3,"{""1-3-2"": 11500}","{""1-2-3"": 580}","{""1-3"": 2860}","{""1-3"": 550}","{""1-2"": 330, ""1-3"": 210, ""2-3"": 110}",{},{},1785636720.0,1785636420.0,1-2|1-3|2-3,True,False,12557.0,True,締切前予想,0.0,-200.0
2026-08-02,佐世保,4,048520260802,exacta,2車単,3,5-1,0.1242573415067342,114.0,1317,True,500,57000.0,56500.0,500,6585.0,False,external holdout ROI target was not met,shadow_bets_20260802.csv,2026-08-02T07:37:43+09:00,1785640080.0,1785639780.0,02f306055c6d5e2aa86381af2f1bff6fb6d903971941dfd9ad4dfe47a943b6cd,daily morning snapshot,1-5-6,6.6,3,1785640769,https://www.winticket.jp/keirin/sasebo/racecard/2026073185/3/4,1-5-6,1-5,1-5,1-5,1-5,1-5|1-6|5-6,"{""1-5-6"": 660}","{""1-5-6"": 390}","{""1-5"": 330}","{""1-5"": 210}","{""1-5"": 130, ""1-6"": 300, ""5-6"": 340}",{},{},1785640080.0,1785639780.0,1-5,True,False,15917.0,True,締切前予想,0.0,-500.0
2026-08-02,佐世保,5,058520260802,trifecta,3連単,3,5-4-2,0.1045364606277712,184.6,1830,True,500,92300.0,91800.0,500,9150.0,False,external holdout ROI target was not met,shadow_bets_20260802.csv,2026-08-02T07:37:43+09:00,1785641760.0,1785641460.0,02f306055c6d5e2aa86381af2f1bff6fb6d903971941dfd9ad4dfe47a943b6cd,daily morning snapshot,4-1-3,11.1,3,1785642589,https://www.winticket.jp/keirin/sasebo/racecard/2026073185/3/5,1-3-4,4-1,1-4,4-1,1-4,1-3|1-4|3-4,"{""4-1-3"": 1110}","{""1-3-4"": 580}","{""4-1"": 440}","{""1-4"": 380}","{""1-3"": 330, ""1-4"": 160, ""3-4"": 220}",{},{},1785641760.0,1785641460.0,4-1-3,True,False,17597.0,True,締切前予想,0.0,-500.0
2026-08-02,佐世保,6,068520260802,trio,3連複,1,2-5-6,0.1988066915467087,55.0,993,True,400,22000.0,21600.0,400,3972.0,False,external holdout ROI target was not met,shadow_bets_20260802.csv,2026-08-02T07:37:43+09:00,1785643440.0,1785643140.0,02f306055c6d5e2aa86381af2f1bff6fb6d903971941dfd9ad4dfe47a943b6cd,daily morning snapshot,5-2-7,6.8,3,1785644279,https://www.winticket.jp/keirin/sasebo/racecard/2026073185/3/6,2-5-7,5-2,2-5,5-2,2-5,2-5|2-7|5-7,"{""5-2-7"": 680}","{""2-5-7"": 190}","{""5-2"": 420}","{""2-5"": 170}","{""2-5"": 100, ""2-7"": 140, ""5-7"": 200}",{},{},1785643440.0,1785643140.0,2-5-7,True,False,19277.0,True,締切前予想,0.0,-400.0
2026-08-02,小田原,9,093620260802,quinella_place,ワイド,2,1-7,0.4338063079617662,10.1,338,True,200,2020.0,1820.0,200,676.0,False,external holdout ROI target was not met,shadow_bets_20260802.csv,2026-08-02T07:37:43+09:00,1785649560.0,1785649260.0,02f306055c6d5e2aa86381af2f1bff6fb6d903971941dfd9ad4dfe47a943b6cd,daily morning snapshot,7-9-3,236.1,3,1785650245,https://www.winticket.jp/keirin/odawara/racecard/2026080136/2/9,3-7-9,7-9,7-9,5-6,5-6,3-7|3-9|7-9,"{""7-9-3"": 23610}","{""3-7-9"": 2350}","{""7-9"": 10930}","{""7-9"": 4470}","{""3-7"": 280, ""3-9"": 430, ""7-9"": 600}","{""5-6"": 3670}","{""5-6"": 1660}",1785649560.0,1785649260.0,3-7|3-9|7-9,True,False,25397.0,True,締切前予想,0.0,-200.0
2026-08-03,四日市,3,034820260803,trifecta,3連単,1,1-4-2,0.0944616114668095,105.0,892,True,300,31500.0,31200.0,300,2676.0,False,external holdout ROI target was not met,shadow_bets_20260803.csv,2026-08-03T07:37:04+09:00,1785760140.0,1785759840.0,02f306055c6d5e2aa86381af2f1bff6fb6d903971941dfd9ad4dfe47a943b6cd,daily morning snapshot,3-5-4,135.5,3,1785760838,https://www.winticket.jp/keirin/yokkaichi/racecard/2026080348/1/3,3-4-5,3-5,3-5,3-5,3-5,3-4|3-5|4-5,"{""3-5-4"": 13550}","{""3-4-5"": 990}","{""3-5"": 5430}","{""3-5"": 4190}","{""3-4"": 230, ""3-5"": 700, ""4-5"": 250}",{},{},1785760140.0,1785759840.0,3-5-4,True,False,49616.0,True,締切前予想,0.0,-300.0
2026-08-03,四日市,6,064820260803,trifecta,3連単,1,1-2-6,0.1238410085751351,95.2,1079,True,400,38080.0,37680.0,400,4316.0,False,external holdout ROI target was not met,shadow_bets_20260803.csv,2026-08-03T07:37:04+09:00,1785764700.0,1785764400.0,02f306055c6d5e2aa86381af2f1bff6fb6d903971941dfd9ad4dfe47a943b6cd,daily morning snapshot,2-1-4,6.8,3,1785765349,https://www.winticket.jp/keirin/yokkaichi/racecard/2026080348/1/6,1-2-4,2-1,1-2,2-1,1-2,1-2|1-4|2-4,"{""2-1-4"": 680}","{""1-2-4"": 160}","{""2-1"": 400}","{""1-2"": 130}","{""1-2"": 100, ""1-4"": 130, ""2-4"": 140}",{},{},1785764700.0,1785764400.0,2-1-4,True,False,54176.0,True,締切前予想,0.0,-400.0
2026-08-03,奈良,2,025320260803,trifecta,3連単,1,1-4-3,0.1795442047168658,108.7,1852,True,500,54350.0,53850.0,500,9260.0,False,external holdout ROI target was not met,shadow_bets_20260803.csv,2026-08-03T07:37:04+09:00,1785759660.0,1785759360.0,02f306055c6d5e2aa86381af2f1bff6fb6d903971941dfd9ad4dfe47a943b6cd,daily morning snapshot,1-3-5,3.6,3,1785760259,https://www.winticket.jp/keirin/nara/racecard/2026080353/1/2,1-3-5,1-3,1-3,1-3,1-3,1-3|1-5|3-5,"{""1-3-5"": 360}","{""1-3-5"": 290}","{""1-3"": 190}","{""1-3"": 160}","{""1-3"": 100, ""1-5"": 200, ""3-5"": 260}",{},{},1785759660.0,1785759360.0,1-3-5,True,False,49136.0,True,締切前予想,0.0,-500.0
2026-08-03,奈良,3,035320260803,trifecta,3連単,1,4-3-2,0.186671505559249,51.7,865,True,300,15510.0,15210.0,300,2595.0,False,external holdout ROI target was not met,shadow_bets_20260803.csv,2026-08-03T07:37:04+09:00,1785761100.0,1785760800.0,02f306055c6d5e2aa86381af2f1bff6fb6d903971941dfd9ad4dfe47a943b6cd,daily morning snapshot,6-3-1,7142.6,3,1785762368,https://www.winticket.jp/keirin/nara/racecard/2026080353/1/3,1-3-6,6-3,3-6,6-3,3-6,1-3|1-6|3-6,"{""6-3-1"": 714260}","{""1-3-6"": 25700}","{""6-3"": 85570}","{""3-6"": 26370}","{""1-3"": 840, ""1-6"": 5690, ""3-6"": 1630}",{},{},1785761100.0,1785760800.0,6-3-1,True,False,50576.0,True,締切前予想,0.0,-300.0
2026-08-03,奈良,5,055320260803,quinella_place,ワイド,2,1-4,0.3698321302177516,12.2,351,True,200,2440.0,2240.0,200,702.0,False,external holdout ROI target was not met,shadow_bets_20260803.csv,2026-08-03T07:37:04+09:00,1785764160.0,1785763860.0,02f306055c6d5e2aa86381af2f1bff6fb6d903971941dfd9ad4dfe47a943b6cd,daily morning snapshot,3-5-6,754.3,3,1785764809,https://www.winticket.jp/keirin/nara/racecard/2026080353/1/5,3-5-6,3-5,3-5,3-5,3-5,3-5|3-6|5-6,"{""3-5-6"": 75430}","{""3-5-6"": 19640}","{""3-5"": 7020}","{""3-5"": 5120}","{""3-5"": 600, ""3-6"": 1420, ""5-6"": 4480}",{},{},1785764160.0,1785763860.0,3-5|3-6|5-6,True,False,53636.0,True,締切前予想,0.0,-200.0
2026-08-03,奈良,5,055320260803,quinella_place,ワイド,1,2-4,0.4105502600887658,12.2,401,True,200,2440.0,2240.0,200,802.0,False,external holdout ROI target was not met,shadow_bets_20260803.csv,2026-08-03T07:37:04+09:00,1785764160.0,1785763860.0,02f306055c6d5e2aa86381af2f1bff6fb6d903971941dfd9ad4dfe47a943b6cd,daily morning snapshot,3-5-6,754.3,3,1785764809,https://www.winticket.jp/keirin/nara/racecard/2026080353/1/5,3-5-6,3-5,3-5,3-5,3-5,3-5|3-6|5-6,"{""3-5-6"": 75430}","{""3-5-6"": 19640}","{""3-5"": 7020}","{""3-5"": 5120}","{""3-5"": 600, ""3-6"": 1420, ""5-6"": 4480}",{},{},1785764160.0,1785763860.0,3-5|3-6|5-6,True,False,53636.0,True,締切前予想,0.0,-200.0
2026-08-03,奈良,7,075320260803,trifecta,3連単,2,1-4-2,0.1456578187052502,127.5,1757,True,500,63750.0,63250.0,500,8785.0,False,external holdout ROI target was not met,shadow_bets_20260803.csv,2026-08-03T07:37:04+09:00,1785767400.0,1785767100.0,02f306055c6d5e2aa86381af2f1bff6fb6d903971941dfd9ad4dfe47a943b6cd,daily morning snapshot,1-4-3,3.5,3,1785768039,https://www.winticket.jp/keirin/nara/racecard/2026080353/1/7,1-3-4,1-4,1-4,1-4,1-4,1-3|1-4|3-4,"{""1-4-3"": 350}","{""1-3-4"": 190}","{""1-4"": 250}","{""1-4"": 140}","{""1-3"": 130, ""1-4"": 110, ""3-4"": 170}",{},{},1785767400.0,1785767100.0,1-4-3,True,False,56876.0,True,締切前予想,0.0,-500.0
2026-08-03,小田原,8,083620260803,exacta,2車単,1,5-2,0.2113467630107332,43.4,817,True,300,13020.0,12720.0,300,2451.0,False,external holdout ROI target was not met,shadow_bets_20260803.csv,2026-08-03T07:37:04+09:00,1785734280.0,1785733980.0,02f306055c6d5e2aa86381af2f1bff6fb6d903971941dfd9ad4dfe47a943b6cd,daily morning snapshot,5-1-6,16.4,3,1785735008,https://www.winticket.jp/keirin/odawara/racecard/2026080136/3/8,1-5-6,5-1,1-5,4-1,1-4,1-5|1-6|5-6,"{""5-1-6"": 1640}","{""1-5-6"": 780}","{""5-1"": 490}","{""1-5"": 380}","{""1-5"": 220, ""1-6"": 770, ""5-6"": 490}","{""4-1"": 690}","{""1-4"": 420}",1785734280.0,1785733980.0,5-1,True,False,23756.0,True,締切前予想,0.0,-300.0
2026-08-03,広島,6,066220260803,quinella_place,ワイド,1,1-3,0.4940358968273485,8.8,335,True,200,1760.0,1560.0,200,670.0,False,external holdout ROI target was not met,shadow_bets_20260803.csv,2026-08-03T07:37:04+09:00,1785719640.0,1785719340.0,02f306055c6d5e2aa86381af2f1bff6fb6d903971941dfd9ad4dfe47a943b6cd,daily morning snapshot,5-1-7,2.8,3,1785720432,https://www.winticket.jp/keirin/hiroshima/racecard/2026080362/1/6,1-5-7,5-1,1-5,5-1,1-5,1-5|1-7|5-7,"{""5-1-7"": 280}","{""1-5-7"": 160}","{""5-1"": 200}","{""1-5"": 120}","{""1-5"": 100, ""1-7"": 140, ""5-7"": 140}",{},{},1785719640.0,1785719340.0,1-5|1-7|5-7,True,False,9116.0,True,締切前予想,0.0,-200.0
2026-08-03,玉野,4,046120260803,trifecta,3連単,2,1-4-3,0.1769164024745757,105.0,1758,True,500,52500.0,52000.0,500,8790.0,False,external holdout ROI target was not met,shadow_bets_20260803.csv,2026-08-03T07:37:04+09:00,1785762060.0,1785761760.0,02f306055c6d5e2aa86381af2f1bff6fb6d903971941dfd9ad4dfe47a943b6cd,daily morning snapshot,1-4-3,9.5,3,1785762608,https://www.winticket.jp/keirin/tamano/racecard/2026080361/1/4,1-3-4,1-4,1-4,1-4,1-4,1-3|1-4|3-4,"{""1-4-3"": 950}","{""1-3-4"": 290}","{""1-4"": 290}","{""1-4"": 140}","{""1-3"": 180, ""1-4"": 130, ""3-4"": 240}",{},{},1785762060.0,1785761760.0,1-4-3,True,True,51536.0,True,締切前予想,4750.0,4250.0
2026-08-03,玉野,4,046120260803,trifecta,3連単,4,4-1-3,0.0870932052435157,105.0,814,True,300,31500.0,31200.0,300,2442.0,False,external holdout ROI target was not met,shadow_bets_20260803.csv,2026-08-03T07:37:04+09:00,1785762060.0,1785761760.0,02f306055c6d5e2aa86381af2f1bff6fb6d903971941dfd9ad4dfe47a943b6cd,daily morning snapshot,1-4-3,9.5,3,1785762608,https://www.winticket.jp/keirin/tamano/racecard/2026080361/1/4,1-3-4,1-4,1-4,1-4,1-4,1-3|1-4|3-4,"{""1-4-3"": 950}","{""1-3-4"": 290}","{""1-4"": 290}","{""1-4"": 140}","{""1-3"": 180, ""1-4"": 130, ""3-4"": 240}",{},{},1785762060.0,1785761760.0,1-4-3,True,False,51536.0,True,締切前予想,0.0,-300.0
2026-08-03,玉野,6,066120260803,trifecta,3連単,1,1-4-3,0.1505595434047837,93.0,1300,True,500,46500.0,46000.0,500,6500.0,False,external holdout ROI target was not met,shadow_bets_20260803.csv,2026-08-03T07:37:04+09:00,1785765240.0,1785764940.0,02f306055c6d5e2aa86381af2f1bff6fb6d903971941dfd9ad4dfe47a943b6cd,daily morning snapshot,1-7-2,95.2,3,1785765800,https://www.winticket.jp/keirin/tamano/racecard/2026080361/1/6,1-2-7,1-7,1-7,1-6,1-6,1-2|1-7|2-7,"{""1-7-2"": 9520}","{""1-2-7"": 2170}","{""1-7"": 3350}","{""1-7"": 1790}","{""1-2"": 310, ""1-7"": 480, ""2-7"": 690}",{},{},1785765240.0,1785764940.0,1-7-2,True,False,54716.0,True,締切前予想,0.0,-500.0
2026-08-04,名古屋,2,024220260804,trifecta,3連単,2,4-5-2,0.0833508811185401,109.1,809,True,300,32730.0,32430.0,300,2427.0,False,external holdout ROI target was not met,shadow_bets_20260804.csv,2026-08-04T07:40:56+09:00,1785827640.0,1785827340.0,02f306055c6d5e2aa86381af2f1bff6fb6d903971941dfd9ad4dfe47a943b6cd,daily morning snapshot,4-7-1,15.8,3,1785828306,https://www.winticket.jp/keirin/nagoya/racecard/2026080442/1/2,1-4-7,4-7,4-7,4-6,4-6,1-4|1-7|4-7,"{""4-7-1"": 1580}","{""1-4-7"": 560}","{""4-7"": 670}","{""4-7"": 460}","{""1-4"": 320, ""1-7"": 490, ""4-7"": 230}",{},{},1785827640.0,1785827340.0,4-7-1,True,False,30484.0,True,締切前予想,0.0,-300.0
2026-08-04,名古屋,3,034220260804,trifecta,3連単,3,2-1-5,0.0731842138719755,201.7,1376,True,500,100850.0,100350.0,500,6880.0,False,external holdout ROI target was not met,shadow_bets_20260804.csv,2026-08-04T07:40:56+09:00,1785829080.0,1785828780.0,02f306055c6d5e2aa86381af2f1bff6fb6d903971941dfd9ad4dfe47a943b6cd,daily morning snapshot,1-5-6,5.4,3,1785829706,https://www.winticket.jp/keirin/nagoya/racecard/2026080442/1/3,1-5-6,1-5,1-5,1-5,1-5,1-5|1-6|5-6,"{""1-5-6"": 540}","{""1-5-6"": 450}","{""1-5"": 170}","{""1-5"": 160}","{""1-5"": 100, ""1-6"": 310, ""5-6"": 460}",{},{},1785829080.0,1785828780.0,1-5-6,True,False,31924.0,True,締切前予想,0.0,-500.0
2026-08-04,名古屋,12,124220260804,exacta,2車単,2,7-1,0.1580200156804418,67.5,967,True,400,27000.0,26600.0,400,3868.0,False,external holdout ROI target was not met,shadow_bets_20260804.csv,2026-08-04T07:40:56+09:00,1785842220.0,1785841920.0,02f306055c6d5e2aa86381af2f1bff6fb6d903971941dfd9ad4dfe47a943b6cd,daily morning snapshot,3-5-1,24.3,3,1785843336,https://www.winticket.jp/keirin/nagoya/racecard/2026080442/1/12,1-3-5,3-5,3-5,3-5,3-5,1-3|1-5|3-5,"{""3-5-1"": 2430}","{""1-3-5"": 1250}","{""3-5"": 700}","{""3-5"": 570}","{""1-3"": 490, ""1-5"": 800, ""3-5"": 330}",{},{},1785842220.0,1785841920.0,3-5,True,False,45064.0,True,締切前予想,0.0,-400.0
2026-08-04,名古屋,12,124220260804,trifecta,3連単,2,7-1-3,0.0971604343207222,120.0,1066,True,400,48000.0,47600.0,400,4264.0,False,external holdout ROI target was not met,shadow_bets_20260804.csv,2026-08-04T07:40:56+09:00,1785842220.0,1785841920.0,02f306055c6d5e2aa86381af2f1bff6fb6d903971941dfd9ad4dfe47a943b6cd,daily morning snapshot,3-5-1,24.3,3,1785843336,https://www.winticket.jp/keirin/nagoya/racecard/2026080442/1/12,1-3-5,3-5,3-5,3-5,3-5,1-3|1-5|3-5,"{""3-5-1"": 2430}","{""1-3-5"": 1250}","{""3-5"": 700}","{""3-5"": 570}","{""1-3"": 490, ""1-5"": 800, ""3-5"": 330}",{},{},1785842220.0,1785841920.0,3-5-1,True,False,45064.0,True,締切前予想,0.0,-400.0
2026-08-04,小松島,5,057320260804,exacta,2車単,4,4-7,0.1201150276043742,94.5,1035,True,400,37800.0,37400.0,400,4140.0,False,external holdout ROI target was not met,shadow_bets_20260804.csv,2026-08-04T07:40:56+09:00,1785814440.0,1785814140.0,02f306055c6d5e2aa86381af2f1bff6fb6d903971941dfd9ad4dfe47a943b6cd,daily morning snapshot,4-3-2,67.0,3,1785815356,https://www.winticket.jp/keirin/komatsushima/racecard/2026080473/1/5,2-3-4,4-3,3-4,4-3,3-4,2-3|2-4|3-4,"{""4-3-2"": 6700}","{""2-3-4"": 2470}","{""4-3"": 910}","{""3-4"": 960}","{""2-3"": 2040, ""2-4"": 410, ""3-4"": 370}",{},{},1785814440.0,1785814140.0,4-3,True,False,17284.0,True,締切前予想,0.0,-400.0
2026-08-04,小松島,11,117320260804,exacta,2車単,3,1-5,0.0977260830017994,147.0,1337,True,500,73500.0,73000.0,500,6685.0,False,external holdout ROI target was not met,shadow_bets_20260804.csv,2026-08-04T07:40:56+09:00,1785824880.0,1785824580.0,02f306055c6d5e2aa86381af2f1bff6fb6d903971941dfd9ad4dfe47a943b6cd,daily morning snapshot,4-3-1,29.7,3,1785825665,https://www.winticket.jp/keirin/komatsushima/racecard/2026080473/1/11,1-3-4,4-3,3-4,4-3,3-4,1-3|1-4|3-4,"{""4-3-1"": 2970}","{""1-3-4"": 230}","{""4-3"": 2920}","{""3-4"": 1960}","{""1-3"": 240, ""1-4"": 100, ""3-4"": 200}",{},{},1785824880.0,1785824580.0,4-3,True,False,27724.0,True,締切前予想,0.0,-500.0
2026-08-04,小松島,11,117320260804,exacta,2車単,4,1-7,0.0686049426567066,147.0,908,True,400,58800.0,58400.0,400,3632.0,False,external holdout ROI target was not met,shadow_bets_20260804.csv,2026-08-04T07:40:56+09:00,1785824880.0,1785824580.0,02f306055c6d5e2aa86381af2f1bff6fb6d903971941dfd9ad4dfe47a943b6cd,daily morning snapshot,4-3-1,29.7,3,1785825665,https://www.winticket.jp/keirin/komatsushima/racecard/2026080473/1/11,1-3-4,4-3,3-4,4-3,3-4,1-3|1-4|3-4,"{""4-3-1"": 2970}","{""1-3-4"": 230}","{""4-3"": 2920}","{""3-4"": 1960}","{""1-3"": 240, ""1-4"": 100, ""3-4"": 200}",{},{},1785824880.0,1785824580.0,4-3,True,False,27724.0,True,締切前予想,0.0,-400.0
2026-08-04,広島,4,046220260804,exacta,2車単,6,7-1,0.0851907247355305,170.2,1350,True,500,85100.0,84600.0,500,6750.0,False,external holdout ROI target was not met,shadow_bets_20260804.csv,2026-08-04T07:40:56+09:00,1785804000.0,1785803700.0,02f306055c6d5e2aa86381af2f1bff6fb6d903971941dfd9ad4dfe47a943b6cd,daily morning snapshot,7-4-1,70.6,3,1785804860,https://www.winticket.jp/keirin/hiroshima/racecard/2026080362/2/4,1-4-7,7-4,4-7,6-4,4-6,1-4|1-7|4-7,"{""7-4-1"": 7060}","{""1-4-7"": 970}","{""7-4"": 3800}","{""4-7"": 1590}","{""1-4"": 250, ""1-7"": 390, ""4-7"": 400}",{},{},1785804000.0,1785803700.0,7-4,True,False,6844.0,True,締切前予想,0.0,-500.0
2026-08-04,広島,7,076220260804,exacta,2車単,4,5-3,0.0846846957382893,132.7,1024,True,400,53080.0,52680.0,400,4096.0,False,external holdout ROI target was not met,shadow_bets_20260804.csv,2026-08-04T07:40:56+09:00,1785807600.0,1785807300.0,02f306055c6d5e2aa86381af2f1bff6fb6d903971941dfd9ad4dfe47a943b6cd,daily morning snapshot,3-5-1,103.7,3,1785808285,https://www.winticket.jp/keirin/hiroshima/racecard/2026080362/2/7,1-3-5,3-5,3-5,3-5,3-5,1-3|1-5|3-5,"{""3-5-1"": 10370}","{""1-3-5"": 740}","{""3-5"": 4320}","{""3-5"": 1720}","{""1-3"": 320, ""1-5"": 150, ""3-5"": 330}",{},{},1785807600.0,1785807300.0,3-5,True,False,10444.0,True,締切前予想,0.0,-400.0
2026-08-04,広島,7,076220260804,exacta,2車単,3,5-6,0.1105768153438286,132.7,1367,True,500,66350.0,65850.0,500,6835.0,False,external holdout ROI target was not met,shadow_bets_20260804.csv,2026-08-04T07:40:56+09:00,1785807600.0,1785807300.0,02f306055c6d5e2aa86381af2f1bff6fb6d903971941dfd9ad4dfe47a943b6cd,daily morning snapshot,3-5-1,103.7,3,1785808285,https://www.winticket.jp/keirin/hiroshima/racecard/2026080362/2/7,1-3-5,3-5,3-5,3-5,3-5,1-3|1-5|3-5,"{""3-5-1"": 10370}","{""1-3-5"": 740}","{""3-5"": 4320}","{""3-5"": 1720}","{""1-3"": 320, ""1-5"": 150, ""3-5"": 330}",{},{},1785807600.0,1785807300.0,3-5,True,False,10444.0,True,締切前予想,0.0,-500.0
2026-08-05,小松島,9,097320260805,trifecta,3連単,3,5-3-7,0.078188723530793,187.7,1368,True,500,93850.0,93350.0,500,6840.0,False,external holdout ROI target was not met,shadow_bets_20260805.csv,2026-08-05T07:44:58+09:00,1785908220.0,1785907920.0,02f306055c6d5e2aa86381af2f1bff6fb6d903971941dfd9ad4dfe47a943b6cd,daily morning snapshot,7-3-6,58.2,3,1785909440,https://www.winticket.jp/keirin/komatsushima/racecard/2026080473/2/9,3-6-7,7-3,3-7,6-3,3-6,3-6|3-7|6-7,"{""7-3-6"": 5820}","{""3-6-7"": 1000}","{""7-3"": 950}","{""3-7"": 330}","{""3-6"": 240, ""3-7"": 150, ""6-7"": 610}",{},{},1785908220.0,1785907920.0,7-3-6,True,False,24422.0,True,締切前予想,0.0,-500.0
2026-08-05,小松島,10,107320260805,exacta,2車単,3,7-2,0.0825300033592418,135.0,1014,True,400,54000.0,53600.0,400,4056.0,False,external holdout ROI target was not met,shadow_bets_20260805.csv,2026-08-05T07:44:58+09:00,1785910020.0,1785909720.0,02f306055c6d5e2aa86381af2f1bff6fb6d903971941dfd9ad4dfe47a943b6cd,daily morning snapshot,2-5-1,8.5,3,1785910865,https://www.winticket.jp/keirin/komatsushima/racecard/2026080473/2/10,1-2-5,2-5,2-5,2-5,2-5,1-2|1-5|2-5,"{""2-5-1"": 850}","{""1-2-5"": 330}","{""2-5"": 460}","{""2-5"": 430}","{""1-2"": 150, ""1-5"": 330, ""2-5"": 200}",{},{},1785910020.0,1785909720.0,2-5,True,False,26222.0,True,締切前予想,0.0,-400.0
2026-08-05,広島,7,076220260805,quinella_place,ワイド,6,3-6,0.2175343023422727,19.1,315,True,200,3820.0,3620.0,200,630.0,False,external holdout ROI target was not met,shadow_bets_20260805.csv,2026-08-05T07:44:58+09:00,1785894000.0,1785893700.0,02f306055c6d5e2aa86381af2f1bff6fb6d903971941dfd9ad4dfe47a943b6cd,daily morning snapshot,4-7-1,181.0,3,1785894846,https://www.winticket.jp/keirin/hiroshima/racecard/2026080362/3/7,1-4-7,4-7,4-7,4-6,4-6,1-4|1-7|4-7,"{""4-7-1"": 18100}","{""1-4-7"": 230}","{""4-7"": 10300}","{""4-7"": 2820}","{""1-4"": 180, ""1-7"": 120, ""4-7"": 230}",{},{},1785894000.0,1785893700.0,1-4|1-7|4-7,True,False,10202.0,True,締切前予想,0.0,-200.0
2026-08-05,玉野,7,076120260805,trifecta,3連単,2,1-2-4,0.1222280599173925,156.0,1807,True,500,78000.0,77500.0,500,9035.0,False,external holdout ROI target was not met,shadow_bets_20260805.csv,2026-08-05T07:44:58+09:00,1785939660.0,1785939360.0,02f306055c6d5e2aa86381af2f1bff6fb6d903971941dfd9ad4dfe47a943b6cd,daily morning snapshot,,,1,0,https://www.winticket.jp/keirin/tamano/racecard/2026080361/3/7,,,,,,,{},{},{},{},{},{},{},1785939660.0,1785939360.0,,False,False,55862.0,True,締切前予想,,
2026-08-05,玉野,7,076120260805,trifecta,3連単,1,1-4-2,0.1447525486100839,156.0,2158,True,500,78000.0,77500.0,500,10790.0,False,external holdout ROI target was not met,shadow_bets_20260805.csv,2026-08-05T07:44:58+09:00,1785939660.0,1785939360.0,02f306055c6d5e2aa86381af2f1bff6fb6d903971941dfd9ad4dfe47a943b6cd,daily morning snapshot,,,1,0,https://www.winticket.jp/keirin/tamano/racecard/2026080361/3/7,,,,,,,{},{},{},{},{},{},{},1785939660.0,1785939360.0,,False,False,55862.0,True,締切前予想,,
2026-08-05,西武園,5,052620260805,quinella_place,ワイド,5,2-3,0.2772192616400393,20.6,471,True,200,4120.0,3920.0,200,942.0,False,external holdout ROI target was not met,shadow_bets_20260805.csv,2026-08-05T07:44:58+09:00,1785918660.0,1785918360.0,02f306055c6d5e2aa86381af2f1bff6fb6d903971941dfd9ad4dfe47a943b6cd,daily morning snapshot,1-3-2,33.6,3,1785919286,https://www.winticket.jp/keirin/seibuen/racecard/2026080326/3/5,1-2-3,1-3,1-3,1-3,1-3,1-2|1-3|2-3,"{""1-3-2"": 3360}","{""1-2-3"": 680}","{""1-3"": 1560}","{""1-3"": 1570}","{""1-2"": 160, ""1-3"": 350, ""2-3"": 460}",{},{},1785918660.0,1785918360.0,1-2|1-3|2-3,True,True,34862.0,True,締切前予想,920.0,720.0
2026-08-05,西武園,6,062620260805,exacta,2車単,1,4-3,0.2837012347589553,42.0,1092,True,400,16800.0,16400.0,400,4368.0,False,external holdout ROI target was not met,shadow_bets_20260805.csv,2026-08-05T07:44:58+09:00,1785920100.0,1785919800.0,02f306055c6d5e2aa86381af2f1bff6fb6d903971941dfd9ad4dfe47a943b6cd,daily morning snapshot,3-5-1,29.5,3,1785920730,https://www.winticket.jp/keirin/seibuen/racecard/2026080326/3/6,1-3-5,3-5,3-5,3-5,3-5,1-3|1-5|3-5,"{""3-5-1"": 2950}","{""1-3-5"": 1210}","{""3-5"": 870}","{""3-5"": 590}","{""1-3"": 200, ""1-5"": 430, ""3-5"": 260}",{},{},1785920100.0,1785919800.0,3-5,True,False,36302.0,True,締切前予想,0.0,-400.0
2026-08-05,西武園,7,072620260805,trio,3連複,1,3-4-5,0.3456486406554105,40.5,1300,True,500,20250.0,19750.0,500,6500.0,False,external holdout ROI target was not met,shadow_bets_20260805.csv,2026-08-05T07:44:58+09:00,1785921540.0,1785921240.0,02f306055c6d5e2aa86381af2f1bff6fb6d903971941dfd9ad4dfe47a943b6cd,daily morning snapshot,4-3-1,10.5,3,1785922161,https://www.winticket.jp/keirin/seibuen/racecard/2026080326/3/7,1-3-4,4-3,3-4,4-3,3-4,1-3|1-4|3-4,"{""4-3-1"": 1050}","{""1-3-4"": 190}","{""4-3"": 680}","{""3-4"": 200}","{""1-3"": 140, ""1-4"": 180, ""3-4"": 100}",{},{},1785921540.0,1785921240.0,1-3-4,True,False,37742.0,True,締切前予想,0.0,-500.0
2026-08-05,豊橋,1,014520260805,exacta,2車単,1,5-6,0.1214814175540329,81.7,893,True,300,24510.0,24210.0,300,2679.0,False,external holdout ROI target was not met,shadow_bets_20260805.csv,2026-08-05T07:44:58+09:00,1785895080.0,1785894780.0,02f306055c6d5e2aa86381af2f1bff6fb6d903971941dfd9ad4dfe47a943b6cd,daily morning snapshot,5-3-7,11.0,3,1785895874,https://www.winticket.jp/keirin/toyohashi/racecard/2026080545/1/1,3-5-7,5-3,3-5,5-3,3-5,3-5|3-7|5-7,"{""5-3-7"": 1100}","{""3-5-7"": 540}","{""5-3"": 320}","{""3-5"": 220}","{""3-5"": 130, ""3-7"": 330, ""5-7"": 230}",{},{},1785895080.0,1785894780.0,5-3,True,False,11282.0,True,締切前予想,0.0,-300.0
2026-08-05,豊橋,4,044520260805,quinella_place,ワイド,1,2-5,0.6179893582368635,7.0,333,True,200,1400.0,1200.0,200,666.0,False,external holdout ROI target was not met,shadow_bets_20260805.csv,2026-08-05T07:44:58+09:00,1785900120.0,1785899820.0,02f306055c6d5e2aa86381af2f1bff6fb6d903971941dfd9ad4dfe47a943b6cd,daily morning snapshot,2-6-3,300.7,3,1785901085,https://www.winticket.jp/keirin/toyohashi/racecard/2026080545/1/4,2-3-6,2-6,2-6,2-6,2-6,2-3|2-6|3-6,"{""2-6-3"": 30070}","{""2-3-6"": 8130}","{""2-6"": 6400}","{""2-6"": 6420}","{""2-3"": 560, ""2-6"": 1960, ""3-6"": 4100}",{},{},1785900120.0,1785899820.0,2-3|2-6|3-6,True,False,16322.0,True,締切前予想,0.0,-200.0
2026-08-05,豊橋,6,064520260805,quinella_place,ワイド,1,2-3,0.4392636106229705,18.2,699,True,300,5460.0,5160.0,300,2097.0,False,external holdout ROI target was not met,shadow_bets_20260805.csv,2026-08-05T07:44:58+09:00,1785903720.0,1785903420.0,02f306055c6d5e2aa86381af2f1bff6fb6d903971941dfd9ad4dfe47a943b6cd,daily morning snapshot,6-2-4,4.6,3,1785904550,https://www.winticket.jp/keirin/toyohashi/racecard/2026080545/1/6,2-4-6,6-2,2-6,6-2,2-6,2-4|2-6|4-6,"{""6-2-4"": 460}","{""2-4-6"": 270}","{""6-2"": 170}","{""2-6"": 200}","{""2-4"": 210, ""2-6"": 100, ""4-6"": 180}",{},{},1785903720.0,1785903420.0,2-4|2-6|4-6,True,False,19922.0,True,締切前予想,0.0,-300.0
2026-08-05,豊橋,6,064520260805,quinella_place,ワイド,3,3-4,0.120395041090273,54.5,556,True,200,10900.0,10700.0,200,1112.0,False,external holdout ROI target was not met,shadow_bets_20260805.csv,2026-08-05T07:44:58+09:00,1785903720.0,1785903420.0,02f306055c6d5e2aa86381af2f1bff6fb6d903971941dfd9ad4dfe47a943b6cd,daily morning snapshot,6-2-4,4.6,3,1785904550,https://www.winticket.jp/keirin/toyohashi/racecard/2026080545/1/6,2-4-6,6-2,2-6,6-2,2-6,2-4|2-6|4-6,"{""6-2-4"": 460}","{""2-4-6"": 270}","{""6-2"": 170}","{""2-6"": 200}","{""2-4"": 210, ""2-6"": 100, ""4-6"": 180}",{},{},1785903720.0,1785903420.0,2-4|2-6|4-6,True,False,19922.0,True,締切前予想,0.0,-200.0
